#	Species	Full Name	Ability 1	Ability 2	Hidden
807	Zeraora 	Zeraora 	Volt Absorb
806	Blacephalon 	Blacephalon 	Beast Boost
805	Stakataka 	Stakataka 	Beast Boost
804	Naganadel 	Naganadel 	Beast Boost
803	Poipole 	Poipole 	Beast Boost
802	Marshadow 	Marshadow 	Technician
801	Magearna 	Magearna 	Soul-Heart
800	Necrozma 	Ultra Necrozma 	Neuroforce
800	Necrozma 	Necrozma 	Prism Armor
800	Necrozma 	Dusk Mane Necrozma 	Prism Armor
800	Necrozma 	Dawn Wings Necrozma 	Prism Armor
799	Guzzlord 	Guzzlord 	Beast Boost
798	Kartana 	Kartana 	Beast Boost
797	Celesteela 	Celesteela 	Beast Boost
796	Xurkitree 	Xurkitree 	Beast Boost
795	Pheromosa 	Pheromosa 	Beast Boost
794	Buzzwole 	Buzzwole 	Beast Boost
793	Nihilego 	Nihilego 	Beast Boost
792	Lunala 	Lunala 	Shadow Shield
791	Solgaleo 	Solgaleo 	Full Metal Body
790	Cosmoem 	Cosmoem 	Sturdy
789	Cosmog 	Cosmog 	Unaware
788	Tapu Fini 	Tapu Fini 	Misty Surge 		Telepathy
787	Tapu Bulu 	Tapu Bulu 	Grassy Surge 		Telepathy
786	Tapu Lele 	Tapu Lele 	Psychic Surge 		Telepathy
785	Tapu Koko 	Tapu Koko 	Electric Surge 		Telepathy
784	Kommo-o 	Kommo-o 	Bulletproof 	Soundproof 	Overcoat
783	Hakamo-o 	Hakamo-o 	Bulletproof 	Soundproof 	Overcoat
782	Jangmo-o 	Jangmo-o 	Bulletproof 	Soundproof 	Overcoat
781	Dhelmise 	Dhelmise 	Steelworker
780	Drampa 	Drampa 	Berserk 	Sap Sipper 	Cloud Nine
779	Bruxish 	Bruxish 	Dazzling 	Strong Jaw 	Wonder Skin
778	Mimikyu 	Mimikyu 	Disguise
777	Togedemaru 	Togedemaru 	Iron Barbs 	Lightning Rod 	Sturdy
776	Turtonator 	Turtonator 	Shell Armor
775	Komala 	Komala 	Comatose
774	Minior 	Minior 	Shields Down
773	Silvally 	Silvally 	RKS System
772	Type: Null 	Type: Null 	Battle Armor
771	Pyukumuku 	Pyukumuku 	Innards Out 		Unaware
770	Palossand 	Palossand 	Water Compaction 		Sand Veil
769	Sandygast 	Sandygast 	Water Compaction 		Sand Veil
768	Golisopod 	Golisopod 	Emergency Exit
767	Wimpod 	Wimpod 	Wimp Out
766	Passimian 	Passimian 	Receiver 		Defiant
765	Oranguru 	Oranguru 	Inner Focus 	Telepathy 	Symbiosis
764	Comfey 	Comfey 	Flower Veil 	Triage 	Natural Cure
763	Tsareena 	Tsareena 	Leaf Guard 	Queenly Majesty 	Sweet Veil
762	Steenee 	Steenee 	Leaf Guard 	Oblivious 	Sweet Veil
761	Bounsweet 	Bounsweet 	Leaf Guard 	Oblivious 	Sweet Veil
760	Bewear 	Bewear 	Fluffy 	Klutz 	Unnerve
759	Stufful 	Stufful 	Fluffy 	Klutz 	Cute Charm
758	Salazzle 	Salazzle 	Corrosion 		Oblivious
757	Salandit 	Salandit 	Corrosion 		Oblivious
756	Shiinotic 	Shiinotic 	Illuminate 	Effect Spore 	Rain Dish
755	Morelull 	Morelull 	Illuminate 	Effect Spore 	Rain Dish
754	Lurantis 	Lurantis 	Leaf Guard 		Contrary
753	Fomantis 	Fomantis 	Leaf Guard 		Contrary
752	Araquanid 	Araquanid 	Water Bubble 		Water Absorb
751	Dewpider 	Dewpider 	Water Bubble 		Water Absorb
750	Mudsdale 	Mudsdale 	Own Tempo 	Stamina 	Inner Focus
749	Mudbray 	Mudbray 	Own Tempo 	Stamina 	Inner Focus
748	Toxapex 	Toxapex 	Merciless 	Limber 	Regenerator
747	Mareanie 	Mareanie 	Merciless 	Limber 	Regenerator
746	Wishiwashi 	Wishiwashi 	Schooling
745	Lycanroc 	Midnight Form Lycanroc 	Keen Eye 	Vital Spirit 	No Guard
745	Lycanroc 	Midday Form Lycanroc 	Keen Eye 	Sand Rush 	Steadfast
745	Lycanroc 	Dusk Form Lycanroc 	Tough Claws
744	Rockruff 	Special Rockruff 	Own Tempo
744	Rockruff 	Rockruff 	Keen Eye 	Vital Spirit 	Steadfast
743	Ribombee 	Ribombee 	Honey Gather 	Shield Dust 	Sweet Veil
742	Cutiefly 	Cutiefly 	Honey Gather 	Shield Dust 	Sweet Veil
741	Oricorio 	Oricorio 	Dancer
740	Crabominable 	Crabominable 	Hyper Cutter 	Iron Fist 	Anger Point
739	Crabrawler 	Crabrawler 	Hyper Cutter 	Iron Fist 	Anger Point
738	Vikavolt 	Vikavolt 	Levitate
737	Charjabug 	Charjabug 	Battery
736	Grubbin 	Grubbin 	Swarm
735	Gumshoos 	Gumshoos 	Stakeout 	Strong Jaw 	Adaptability
734	Yungoos 	Yungoos 	Stakeout 	Strong Jaw 	Adaptability
733	Toucannon 	Toucannon 	Keen Eye 	Skill Link 	Sheer Force
732	Trumbeak 	Trumbeak 	Keen Eye 	Skill Link 	Pickup
731	Pikipek 	Pikipek 	Keen Eye 	Skill Link 	Pickup
730	Primarina 	Primarina 	Torrent 		Liquid Voice
729	Brionne 	Brionne 	Torrent 		Liquid Voice
728	Popplio 	Popplio 	Torrent 		Liquid Voice
727	Incineroar 	Incineroar 	Blaze 		Intimidate
726	Torracat 	Torracat 	Blaze 		Intimidate
725	Litten 	Litten 	Blaze 		Intimidate
724	Decidueye 	Decidueye 	Overgrow 		Long Reach
723	Dartrix 	Dartrix 	Overgrow 		Long Reach
722	Rowlet 	Rowlet 	Overgrow 		Long Reach
721	Volcanion 	Volcanion 	Water Absorb
720	Hoopa 	Hoopa Unbound 	Magician
720	Hoopa 	Hoopa Confined 	Magician
719	Diancie 	Mega Diancie 	Magic Bounce
719	Diancie 	Diancie 	Clear Body
718	Zygarde 	Zygarde Complete Forme 	Power Construct
718	Zygarde 	Zygarde 10% Forme 	Aura Break 	Power Construct
718	Zygarde 	Zygarde 	Aura Break 	Power Construct
717	Yveltal 	Yveltal 	Dark Aura
716	Xerneas 	Xerneas 	Fairy Aura
715	Noivern 	Noivern 	Frisk 	Infiltrator 	Telepathy
714	Noibat 	Noibat 	Frisk 	Infiltrator 	Telepathy
713	Avalugg 	Avalugg 	Own Tempo 	Ice Body 	Sturdy
712	Bergmite 	Bergmite 	Own Tempo 	Ice Body 	Sturdy
711	Gourgeist 	Gourgeist 	Pickup 	Frisk 	Insomnia
710	Pumpkaboo 	Pumpkaboo 	Pickup 	Frisk 	Insomnia
709	Trevenant 	Trevenant 	Natural Cure 	Frisk 	Harvest
708	Phantump 	Phantump 	Natural Cure 	Frisk 	Harvest
707	Klefki 	Klefki 	Prankster 		Magician
706	Goodra 	Goodra 	Sap Sipper 	Hydration 	Gooey
705	Sliggoo 	Sliggoo 	Sap Sipper 	Hydration 	Gooey
704	Goomy 	Goomy 	Sap Sipper 	Hydration 	Gooey
703	Carbink 	Carbink 	Clear Body 		Sturdy
702	Dedenne 	Dedenne 	Cheek Pouch 	Pickup 	Plus
701	Hawlucha 	Hawlucha 	Limber 	Unburden 	Mold Breaker
700	Sylveon 	Sylveon 	Cute Charm 		Pixilate
699	Aurorus 	Aurorus 	Refrigerate 		Snow Warning
698	Amaura 	Amaura 	Refrigerate 		Snow Warning
697	Tyrantrum 	Tyrantrum 	Strong Jaw 		Rock Head
696	Tyrunt 	Tyrunt 	Strong Jaw 		Sturdy
695	Heliolisk 	Heliolisk 	Dry Skin 	Sand Veil 	Solar Power
694	Helioptile 	Helioptile 	Dry Skin 	Sand Veil 	Solar Power
693	Clawitzer 	Clawitzer 	Mega Launcher
692	Clauncher 	Clauncher 	Mega Launcher
691	Dragalge 	Dragalge 	Poison Point 	Poison Touch 	Adaptability
690	Skrelp 	Skrelp 	Poison Point 	Poison Touch 	Adaptability
689	Barbaracle 	Barbaracle 	Sniper 	Tough Claws 	Pickpocket
688	Binacle 	Binacle 	Sniper 	Tough Claws 	Pickpocket
687	Malamar 	Malamar 	Contrary 	Suction Cups 	Infiltrator
686	Inkay 	Inkay 	Contrary 	Suction Cups 	Infiltrator
685	Slurpuff 	Slurpuff 	Sweet Veil 		Unburden
684	Swirlix 	Swirlix 	Sweet Veil 		Unburden
683	Aromatisse 	Aromatisse 	Healer 		Aroma Veil
682	Spritzee 	Spritzee 	Healer 		Aroma Veil
681	Aegislash 	Aegislash 	Stance Change
681	Aegislash 	Aegislash 	Stance Change
680	Doublade 	Doublade 	No Guard
679	Honedge 	Honedge 	No Guard
678	Meowstic 	Meowstic♂ 	Keen Eye 	Infiltrator 	Prankster
678	Meowstic 	Meowstic♀ 	Keen Eye 	Infiltrator 	Competitive
677	Espurr 	Espurr 	Keen Eye 	Infiltrator 	Own Tempo
676	Furfrou 	Furfrou 	Fur Coat
675	Pangoro 	Pangoro 	Iron Fist 	Mold Breaker 	Scrappy
674	Pancham 	Pancham 	Iron Fist 	Mold Breaker 	Scrappy
673	Gogoat 	Gogoat 	Sap Sipper 		Grass Pelt
672	Skiddo 	Skiddo 	Sap Sipper 		Grass Pelt
671	Florges 	Florges 	Flower Veil 		Symbiosis
670	Floette 	Floette 	Flower Veil 		Symbiosis
670	Floette 	Eternal Floette 	Flower Veil
669	Flabébé 	Flabébé 	Flower Veil 		Symbiosis
668	Pyroar 	Pyroar 	Rivalry 	Unnerve 	Moxie
667	Litleo 	Litleo 	Rivalry 	Unnerve 	Moxie
666	Vivillon 	Vivillon 	Shield Dust 	Compound Eyes 	Friend Guard
665	Spewpa 	Spewpa 	Shed Skin 		Friend Guard
664	Scatterbug 	Scatterbug 	Shield Dust 	Compound Eyes 	Friend Guard
663	Talonflame 	Talonflame 	Flame Body 		Gale Wings
662	Fletchinder 	Fletchinder 	Flame Body 		Gale Wings
661	Fletchling 	Fletchling 	Big Pecks 		Gale Wings
660	Diggersby 	Diggersby 	Pickup 	Cheek Pouch 	Huge Power
659	Bunnelby 	Bunnelby 	Pickup 	Cheek Pouch 	Huge Power
658	Greninja 	Greninja 	Torrent 		Protean
658	Greninja 	Ash-Greninja 	Battle Bond
657	Frogadier 	Frogadier 	Torrent 		Protean
656	Froakie 	Froakie 	Torrent 		Protean
655	Delphox 	Delphox 	Blaze 		Magician
654	Braixen 	Braixen 	Blaze 		Magician
653	Fennekin 	Fennekin 	Blaze 		Magician
652	Chesnaught 	Chesnaught 	Overgrow 		Bulletproof
651	Quilladin 	Quilladin 	Overgrow 		Bulletproof
650	Chespin 	Chespin 	Overgrow 		Bulletproof
649	Genesect 	Genesect 	Download
648	Meloetta 	Meloetta 	Serene Grace
648	Meloetta 	Meloetta 	Serene Grace
647	Keldeo 	Keldeo 	Justified
647	Keldeo 	Keldeo 	Justified
646	Kyurem 	White Kyurem 	Turboblaze
646	Kyurem 	Kyurem 	Pressure
646	Kyurem 	Black Kyurem 	Teravolt
645	Landorus 	Landorus 	Sand Force 		Sheer Force
645	Landorus 	Landorus 	Intimidate
644	Zekrom 	Zekrom 	Teravolt
643	Reshiram 	Reshiram 	Turboblaze
642	Thundurus 	Thundurus 	Volt Absorb
642	Thundurus 	Thundurus 	Prankster 		Defiant
641	Tornadus 	Tornadus 	Regenerator
641	Tornadus 	Tornadus 	Prankster 		Defiant
640	Virizion 	Virizion 	Justified
639	Terrakion 	Terrakion 	Justified
638	Cobalion 	Cobalion 	Justified
637	Volcarona 	Volcarona 	Flame Body 		Swarm
636	Larvesta 	Larvesta 	Flame Body 		Swarm
635	Hydreigon 	Hydreigon 	Levitate
634	Zweilous 	Zweilous 	Hustle
633	Deino 	Deino 	Hustle
632	Durant 	Durant 	Swarm 	Hustle 	Truant
631	Heatmor 	Heatmor 	Gluttony 	Flash Fire 	White Smoke
630	Mandibuzz 	Mandibuzz 	Big Pecks 	Overcoat 	Weak Armor
629	Vullaby 	Vullaby 	Big Pecks 	Overcoat 	Weak Armor
628	Braviary 	Braviary 	Keen Eye 	Sheer Force 	Defiant
627	Rufflet 	Rufflet 	Keen Eye 	Sheer Force 	Hustle
626	Bouffalant 	Bouffalant 	Reckless 	Sap Sipper 	Soundproof
625	Bisharp 	Bisharp 	Defiant 	Inner Focus 	Pressure
624	Pawniard 	Pawniard 	Defiant 	Inner Focus 	Pressure
623	Golurk 	Golurk 	Iron Fist 	Klutz 	No Guard
622	Golett 	Golett 	Iron Fist 	Klutz 	No Guard
621	Druddigon 	Druddigon 	Rough Skin 	Sheer Force 	Mold Breaker
620	Mienshao 	Mienshao 	Inner Focus 	Regenerator 	Reckless
619	Mienfoo 	Mienfoo 	Inner Focus 	Regenerator 	Reckless
618	Stunfisk 	Stunfisk 	Static 	Limber 	Sand Veil
617	Accelgor 	Accelgor 	Hydration 	Sticky Hold 	Unburden
616	Shelmet 	Shelmet 	Hydration 	Shell Armor 	Overcoat
615	Cryogonal 	Cryogonal 	Levitate
614	Beartic 	Beartic 	Snow Cloak 	Slush Rush 	Swift Swim
613	Cubchoo 	Cubchoo 	Snow Cloak 	Slush Rush 	Rattled
612	Haxorus 	Haxorus 	Rivalry 	Mold Breaker 	Unnerve
611	Fraxure 	Fraxure 	Rivalry 	Mold Breaker 	Unnerve
610	Axew 	Axew 	Rivalry 	Mold Breaker 	Unnerve
609	Chandelure 	Chandelure 	Flash Fire 	Flame Body 	Infiltrator
608	Lampent 	Lampent 	Flash Fire 	Flame Body 	Infiltrator
607	Litwick 	Litwick 	Flash Fire 	Flame Body 	Infiltrator
606	Beheeyem 	Beheeyem 	Telepathy 	Synchronize 	Analytic
605	Elgyem 	Elgyem 	Telepathy 	Synchronize 	Analytic
604	Eelektross 	Eelektross 	Levitate
603	Eelektrik 	Eelektrik 	Levitate
602	Tynamo 	Tynamo 	Levitate
601	Klinklang 	Klinklang 	Plus 	Minus 	Clear Body
600	Klang 	Klang 	Plus 	Minus 	Clear Body
599	Klink 	Klink 	Plus 	Minus 	Clear Body
598	Ferrothorn 	Ferrothorn 	Iron Barbs 		Anticipation
597	Ferroseed 	Ferroseed 	Iron Barbs
596	Galvantula 	Galvantula 	Compound Eyes 	Unnerve 	Swarm
595	Joltik 	Joltik 	Compound Eyes 	Unnerve 	Swarm
594	Alomomola 	Alomomola 	Healer 	Hydration 	Regenerator
593	Jellicent 	Jellicent 	Water Absorb 	Cursed Body 	Damp
592	Frillish 	Frillish 	Water Absorb 	Cursed Body 	Damp
591	Amoonguss 	Amoonguss 	Effect Spore 		Regenerator
590	Foongus 	Foongus 	Effect Spore 		Regenerator
589	Escavalier 	Escavalier 	Swarm 	Shell Armor 	Overcoat
588	Karrablast 	Karrablast 	Swarm 	Shed Skin 	No Guard
587	Emolga 	Emolga 	Static 		Motor Drive
586	Sawsbuck 	Sawsbuck 	Chlorophyll 	Sap Sipper 	Serene Grace
586	Sawsbuck 	Sawsbuck 	Chlorophyll 	Sap Sipper 	Serene Grace
586	Sawsbuck 	Sawsbuck 	Chlorophyll 	Sap Sipper 	Serene Grace
586	Sawsbuck 	Sawsbuck 	Chlorophyll 	Sap Sipper 	Serene Grace
585	Deerling 	Deerling 	Chlorophyll 	Sap Sipper 	Serene Grace
585	Deerling 	Deerling 	Chlorophyll 	Sap Sipper 	Serene Grace
585	Deerling 	Deerling 	Chlorophyll 	Sap Sipper 	Serene Grace
585	Deerling 	Deerling 	Chlorophyll 	Sap Sipper 	Serene Grace
584	Vanilluxe 	Vanilluxe 	Ice Body 	Snow Warning 	Weak Armor
583	Vanillish 	Vanillish 	Ice Body 	Snow Cloak 	Weak Armor
582	Vanillite 	Vanillite 	Ice Body 	Snow Cloak 	Weak Armor
581	Swanna 	Swanna 	Keen Eye 	Big Pecks 	Hydration
580	Ducklett 	Ducklett 	Keen Eye 	Big Pecks 	Hydration
579	Reuniclus 	Reuniclus 	Overcoat 	Magic Guard 	Regenerator
578	Duosion 	Duosion 	Overcoat 	Magic Guard 	Regenerator
577	Solosis 	Solosis 	Overcoat 	Magic Guard 	Regenerator
576	Gothitelle 	Gothitelle 	Frisk 	Competitive 	Shadow Tag
575	Gothorita 	Gothorita 	Frisk 	Competitive 	Shadow Tag
574	Gothita 	Gothita 	Frisk 	Competitive 	Shadow Tag
573	Cinccino 	Cinccino 	Cute Charm 	Technician 	Skill Link
572	Minccino 	Minccino 	Cute Charm 	Technician 	Skill Link
571	Zoroark 	Zoroark 	Illusion
570	Zorua 	Zorua 	Illusion
569	Garbodor 	Garbodor 	Stench 	Weak Armor 	Aftermath
568	Trubbish 	Trubbish 	Stench 	Sticky Hold 	Aftermath
567	Archeops 	Archeops 	Defeatist
566	Archen 	Archen 	Defeatist
565	Carracosta 	Carracosta 	Solid Rock 	Sturdy 	Swift Swim
564	Tirtouga 	Tirtouga 	Solid Rock 	Sturdy 	Swift Swim
563	Cofagrigus 	Cofagrigus 	Mummy
562	Yamask 	Yamask 	Mummy
561	Sigilyph 	Sigilyph 	Wonder Skin 	Magic Guard 	Tinted Lens
560	Scrafty 	Scrafty 	Shed Skin 	Moxie 	Intimidate
559	Scraggy 	Scraggy 	Shed Skin 	Moxie 	Intimidate
558	Crustle 	Crustle 	Sturdy 	Shell Armor 	Weak Armor
557	Dwebble 	Dwebble 	Sturdy 	Shell Armor 	Weak Armor
556	Maractus 	Maractus 	Water Absorb 	Chlorophyll 	Storm Drain
555	Darmanitan 	Darmanitan 	Zen Mode
555	Darmanitan 	Darmanitan 	Sheer Force 		Zen Mode
554	Darumaka 	Darumaka 	Hustle 		Inner Focus
553	Krookodile 	Krookodile 	Intimidate 	Moxie 	Anger Point
552	Krokorok 	Krokorok 	Intimidate 	Moxie 	Anger Point
551	Sandile 	Sandile 	Intimidate 	Moxie 	Anger Point
550	Basculin 	Basculin 	Rock Head 	Adaptability 	Mold Breaker
550	Basculin 	Basculin 	Reckless 	Adaptability 	Mold Breaker
549	Lilligant 	Lilligant 	Chlorophyll 	Own Tempo 	Leaf Guard
548	Petilil 	Petilil 	Chlorophyll 	Own Tempo 	Leaf Guard
547	Whimsicott 	Whimsicott 	Prankster 	Infiltrator 	Chlorophyll
546	Cottonee 	Cottonee 	Prankster 	Infiltrator 	Chlorophyll
545	Scolipede 	Scolipede 	Poison Point 	Swarm 	Speed Boost
544	Whirlipede 	Whirlipede 	Poison Point 	Swarm 	Speed Boost
543	Venipede 	Venipede 	Poison Point 	Swarm 	Speed Boost
542	Leavanny 	Leavanny 	Swarm 	Chlorophyll 	Overcoat
541	Swadloon 	Swadloon 	Leaf Guard 	Chlorophyll 	Overcoat
540	Sewaddle 	Sewaddle 	Swarm 	Chlorophyll 	Overcoat
539	Sawk 	Sawk 	Sturdy 	Inner Focus 	Mold Breaker
538	Throh 	Throh 	Guts 	Inner Focus 	Mold Breaker
537	Seismitoad 	Seismitoad 	Swift Swim 	Poison Touch 	Water Absorb
536	Palpitoad 	Palpitoad 	Swift Swim 	Hydration 	Water Absorb
535	Tympole 	Tympole 	Swift Swim 	Hydration 	Water Absorb
534	Conkeldurr 	Conkeldurr 	Guts 	Sheer Force 	Iron Fist
533	Gurdurr 	Gurdurr 	Guts 	Sheer Force 	Iron Fist
532	Timburr 	Timburr 	Guts 	Sheer Force 	Iron Fist
531	Audino 	Mega Audino 	Healer
531	Audino 	Audino 	Healer 	Regenerator 	Klutz
530	Excadrill 	Excadrill 	Sand Rush 	Sand Force 	Mold Breaker
529	Drilbur 	Drilbur 	Sand Rush 	Sand Force 	Mold Breaker
528	Swoobat 	Swoobat 	Unaware 	Klutz 	Simple
527	Woobat 	Woobat 	Unaware 	Klutz 	Simple
526	Gigalith 	Gigalith 	Sturdy 	Sand Stream 	Sand Force
525	Boldore 	Boldore 	Sturdy 	Weak Armor 	Sand Force
524	Roggenrola 	Roggenrola 	Sturdy 	Weak Armor 	Sand Force
523	Zebstrika 	Zebstrika 	Lightning Rod 	Motor Drive 	Sap Sipper
522	Blitzle 	Blitzle 	Lightning Rod 	Motor Drive 	Sap Sipper
521	Unfezant 	Unfezant 	Big Pecks 	Super Luck 	Rivalry
520	Tranquill 	Tranquill 	Big Pecks 	Super Luck 	Rivalry
519	Pidove 	Pidove 	Big Pecks 	Super Luck 	Rivalry
518	Musharna 	Musharna 	Forewarn 	Synchronize 	Telepathy
517	Munna 	Munna 	Forewarn 	Synchronize 	Telepathy
516	Simipour 	Simipour 	Gluttony 		Torrent
515	Panpour 	Panpour 	Gluttony 		Torrent
514	Simisear 	Simisear 	Gluttony 		Blaze
513	Pansear 	Pansear 	Gluttony 		Blaze
512	Simisage 	Simisage 	Gluttony 		Overgrow
511	Pansage 	Pansage 	Gluttony 		Overgrow
510	Liepard 	Liepard 	Limber 	Unburden 	Prankster
509	Purrloin 	Purrloin 	Limber 	Unburden 	Prankster
508	Stoutland 	Stoutland 	Intimidate 	Sand Rush 	Scrappy
507	Herdier 	Herdier 	Intimidate 	Sand Rush 	Scrappy
506	Lillipup 	Lillipup 	Vital Spirit 	Pickup 	Run Away
505	Watchog 	Watchog 	Illuminate 	Keen Eye 	Analytic
504	Patrat 	Patrat 	Run Away 	Keen Eye 	Analytic
503	Samurott 	Samurott 	Torrent 		Shell Armor
502	Dewott 	Dewott 	Torrent 		Shell Armor
501	Oshawott 	Oshawott 	Torrent 		Shell Armor
500	Emboar 	Emboar 	Blaze 		Reckless
499	Pignite 	Pignite 	Blaze 		Thick Fat
498	Tepig 	Tepig 	Blaze 		Thick Fat
497	Serperior 	Serperior 	Overgrow 		Contrary
496	Servine 	Servine 	Overgrow 		Contrary
495	Snivy 	Snivy 	Overgrow 		Contrary
494	Victini 	Victini 	Victory Star
493	Arceus 	Arceus 	Multitype
492	Shaymin 	Shaymin 	Serene Grace
492	Shaymin 	Shaymin 	Natural Cure
491	Darkrai 	Darkrai 	Bad Dreams
490	Manaphy 	Manaphy 	Hydration
489	Phione 	Phione 	Hydration
488	Cresselia 	Cresselia 	Levitate
487	Giratina 	Giratina 	Pressure 		Telepathy
487	Giratina 	Giratina 	Levitate
486	Regigigas 	Regigigas 	Slow Start
485	Heatran 	Heatran 	Flash Fire 		Flame Body
484	Palkia 	Palkia 	Pressure 		Telepathy
483	Dialga 	Dialga 	Pressure 		Telepathy
482	Azelf 	Azelf 	Levitate
481	Mesprit 	Mesprit 	Levitate
480	Uxie 	Uxie 	Levitate
479	Rotom 	Wash Rotom 	Levitate
479	Rotom 	Rotom 	Levitate
479	Rotom 	Mow Rotom 	Levitate
479	Rotom 	Heat Rotom 	Levitate
479	Rotom 	Frost Rotom 	Levitate
479	Rotom 	Fan Rotom 	Levitate
478	Froslass 	Froslass 	Snow Cloak 		Cursed Body
477	Dusknoir 	Dusknoir 	Pressure 		Frisk
476	Probopass 	Probopass 	Sturdy 	Magnet Pull 	Sand Force
475	Gallade 	Mega Gallade 	Inner Focus
475	Gallade 	Gallade 	Steadfast 		Justified
474	Porygon-Z 	Porygon-Z 	Adaptability 	Download 	Analytic
473	Mamoswine 	Mamoswine 	Oblivious 	Snow Cloak 	Thick Fat
472	Gliscor 	Gliscor 	Hyper Cutter 	Sand Veil 	Poison Heal
471	Glaceon 	Glaceon 	Snow Cloak 		Ice Body
470	Leafeon 	Leafeon 	Leaf Guard 		Chlorophyll
469	Yanmega 	Yanmega 	Speed Boost 	Tinted Lens 	Frisk
468	Togekiss 	Togekiss 	Hustle 	Serene Grace 	Super Luck
467	Magmortar 	Magmortar 	Flame Body 		Vital Spirit
466	Electivire 	Electivire 	Motor Drive 		Vital Spirit
465	Tangrowth 	Tangrowth 	Chlorophyll 	Leaf Guard 	Regenerator
464	Rhyperior 	Rhyperior 	Lightning Rod 	Solid Rock 	Reckless
463	Lickilicky 	Lickilicky 	Own Tempo 	Oblivious 	Cloud Nine
462	Magnezone 	Magnezone 	Magnet Pull 	Sturdy 	Analytic
461	Weavile 	Weavile 	Pressure 		Pickpocket
460	Abomasnow 	Mega Abomasnow 	Snow Warning
460	Abomasnow 	Abomasnow 	Snow Warning 		Soundproof
459	Snover 	Snover 	Snow Warning 		Soundproof
458	Mantyke 	Mantyke 	Swift Swim 	Water Absorb 	Water Veil
457	Lumineon 	Lumineon 	Swift Swim 	Storm Drain 	Water Veil
456	Finneon 	Finneon 	Swift Swim 	Storm Drain 	Water Veil
455	Carnivine 	Carnivine 	Levitate
454	Toxicroak 	Toxicroak 	Anticipation 	Dry Skin 	Poison Touch
453	Croagunk 	Croagunk 	Anticipation 	Dry Skin 	Poison Touch
452	Drapion 	Drapion 	Battle Armor 	Sniper 	Keen Eye
451	Skorupi 	Skorupi 	Battle Armor 	Sniper 	Keen Eye
450	Hippowdon 	Hippowdon 	Sand Stream 		Sand Force
449	Hippopotas 	Hippopotas 	Sand Stream 		Sand Force
448	Lucario 	Mega Lucario 	Adaptability
448	Lucario 	Lucario 	Steadfast 	Inner Focus 	Justified
447	Riolu 	Riolu 	Steadfast 	Inner Focus 	Prankster
446	Munchlax 	Munchlax 	Pickup 	Thick Fat 	Gluttony
445	Garchomp 	Mega Garchomp 	Sand Force
445	Garchomp 	Garchomp 	Sand Veil 		Rough Skin
444	Gabite 	Gabite 	Sand Veil 		Rough Skin
443	Gible 	Gible 	Sand Veil 		Rough Skin
442	Spiritomb 	Spiritomb 	Pressure 		Infiltrator
441	Chatot 	Chatot 	Keen Eye 	Tangled Feet 	Big Pecks
440	Happiny 	Happiny 	Natural Cure 	Serene Grace 	Friend Guard
439	Mime Jr. 	Mime Jr. 	Soundproof 	Filter 	Technician
438	Bonsly 	Bonsly 	Sturdy 	Rock Head 	Rattled
437	Bronzong 	Bronzong 	Levitate 	Heatproof 	Heavy Metal
436	Bronzor 	Bronzor 	Levitate 	Heatproof 	Heavy Metal
435	Skuntank 	Skuntank 	Stench 	Aftermath 	Keen Eye
434	Stunky 	Stunky 	Stench 	Aftermath 	Keen Eye
433	Chingling 	Chingling 	Levitate
432	Purugly 	Purugly 	Thick Fat 	Own Tempo 	Defiant
431	Glameow 	Glameow 	Limber 	Own Tempo 	Keen Eye
430	Honchkrow 	Honchkrow 	Insomnia 	Super Luck 	Moxie
429	Mismagius 	Mismagius 	Levitate
428	Lopunny 	Mega Lopunny 	Scrappy
428	Lopunny 	Lopunny 	Cute Charm 	Klutz 	Limber
427	Buneary 	Buneary 	Run Away 	Klutz 	Limber
426	Drifblim 	Drifblim 	Aftermath 	Unburden 	Flare Boost
425	Drifloon 	Drifloon 	Aftermath 	Unburden 	Flare Boost
424	Ambipom 	Ambipom 	Technician 	Pickup 	Skill Link
423	Gastrodon 	Gastrodon 	Sticky Hold 	Storm Drain 	Sand Force
423	Gastrodon 	Gastrodon 	Sticky Hold 	Storm Drain 	Sand Force
422	Shellos 	Shellos 	Sticky Hold 	Storm Drain 	Sand Force
422	Shellos 	Shellos 	Sticky Hold 	Storm Drain 	Sand Force
421	Cherrim 	Cherrim 	Flower Gift
421	Cherrim 	Cherrim 	Flower Gift
420	Cherubi 	Cherubi 	Chlorophyll
419	Floatzel 	Floatzel 	Swift Swim 		Water Veil
418	Buizel 	Buizel 	Swift Swim 		Water Veil
417	Pachirisu 	Pachirisu 	Run Away 	Pickup 	Volt Absorb
416	Vespiquen 	Vespiquen 	Pressure 		Unnerve
415	Combee 	Combee 	Honey Gather 		Hustle
414	Mothim 	Mothim 	Swarm 		Tinted Lens
413	Wormadam 	Wormadam 	Anticipation 		Overcoat
413	Wormadam 	Wormadam 	Anticipation 		Overcoat
413	Wormadam 	Wormadam 	Anticipation 		Overcoat
412	Burmy 	Burmy 	Shed Skin 		Overcoat
412	Burmy 	Burmy 	Shed Skin 		Overcoat
412	Burmy 	Burmy 	Shed Skin 		Overcoat
411	Bastiodon 	Bastiodon 	Sturdy 		Soundproof
410	Shieldon 	Shieldon 	Sturdy 		Soundproof
409	Rampardos 	Rampardos 	Mold Breaker 		Sheer Force
408	Cranidos 	Cranidos 	Mold Breaker 		Sheer Force
407	Roserade 	Roserade 	Natural Cure 	Poison Point 	Technician
406	Budew 	Budew 	Natural Cure 	Poison Point 	Leaf Guard
405	Luxray 	Luxray 	Rivalry 	Intimidate 	Guts
404	Luxio 	Luxio 	Rivalry 	Intimidate 	Guts
403	Shinx 	Shinx 	Rivalry 	Intimidate 	Guts
402	Kricketune 	Kricketune 	Swarm 		Technician
401	Kricketot 	Kricketot 	Shed Skin 		Run Away
400	Bibarel 	Bibarel 	Simple 	Unaware 	Moody
399	Bidoof 	Bidoof 	Simple 	Unaware 	Moody
398	Staraptor 	Staraptor 	Intimidate 		Reckless
397	Staravia 	Staravia 	Intimidate 		Reckless
396	Starly 	Starly 	Keen Eye 		Reckless
395	Empoleon 	Empoleon 	Torrent 		Defiant
394	Prinplup 	Prinplup 	Torrent 		Defiant
393	Piplup 	Piplup 	Torrent 		Defiant
392	Infernape 	Infernape 	Blaze 		Iron Fist
391	Monferno 	Monferno 	Blaze 		Iron Fist
390	Chimchar 	Chimchar 	Blaze 		Iron Fist
389	Torterra 	Torterra 	Overgrow 		Shell Armor
388	Grotle 	Grotle 	Overgrow 		Shell Armor
387	Turtwig 	Turtwig 	Overgrow 		Shell Armor
386	Deoxys 	Deoxys 	Pressure
386	Deoxys 	Deoxys 	Pressure
386	Deoxys 	Deoxys 	Pressure
386	Deoxys 	Deoxys 	Pressure
385	Jirachi 	Jirachi 	Serene Grace
384	Rayquaza 	Rayquaza 	Air Lock
384	Rayquaza 	Mega Rayquaza 	Delta Stream
383	Groudon 	Primal Groudon 	Desolate Land
383	Groudon 	Groudon 	Drought
382	Kyogre 	Primal Kyogre 	Primordial Sea
382	Kyogre 	Kyogre 	Drizzle
381	Latios 	Mega Latios 	Levitate
381	Latios 	Latios 	Levitate
380	Latias 	Mega Latias 	Levitate
380	Latias 	Latias 	Levitate
379	Registeel 	Registeel 	Clear Body 		Light Metal
378	Regice 	Regice 	Clear Body 		Ice Body
377	Regirock 	Regirock 	Clear Body 		Sturdy
376	Metagross 	Metagross 	Clear Body 		Light Metal
376	Metagross 	Mega Metagross 	Tough Claws
375	Metang 	Metang 	Clear Body 		Light Metal
374	Beldum 	Beldum 	Clear Body 		Light Metal
373	Salamence 	Salamence 	Intimidate 		Moxie
373	Salamence 	Mega Salamence 	Aerilate
372	Shelgon 	Shelgon 	Rock Head 		Overcoat
371	Bagon 	Bagon 	Rock Head 		Sheer Force
370	Luvdisc 	Luvdisc 	Swift Swim 		Hydration
369	Relicanth 	Relicanth 	Swift Swim 	Rock Head 	Sturdy
368	Gorebyss 	Gorebyss 	Swift Swim 		Hydration
367	Huntail 	Huntail 	Swift Swim 		Water Veil
366	Clamperl 	Clamperl 	Shell Armor 		Rattled
365	Walrein 	Walrein 	Thick Fat 	Ice Body 	Oblivious
364	Sealeo 	Sealeo 	Thick Fat 	Ice Body 	Oblivious
363	Spheal 	Spheal 	Thick Fat 	Ice Body 	Oblivious
362	Glalie 	Mega Glalie 	Refrigerate
362	Glalie 	Glalie 	Inner Focus 	Ice Body 	Moody
361	Snorunt 	Snorunt 	Inner Focus 	Ice Body 	Moody
360	Wynaut 	Wynaut 	Shadow Tag 		Telepathy
359	Absol 	Mega Absol 	Magic Bounce
359	Absol 	Absol 	Pressure 	Super Luck 	Justified
358	Chimecho 	Chimecho 	Levitate
357	Tropius 	Tropius 	Chlorophyll 	Solar Power 	Harvest
356	Dusclops 	Dusclops 	Pressure 		Frisk
355	Duskull 	Duskull 	Levitate 		Frisk
354	Banette 	Mega Banette 	Prankster
354	Banette 	Banette 	Insomnia 	Frisk 	Cursed Body
353	Shuppet 	Shuppet 	Insomnia 	Frisk 	Cursed Body
352	Kecleon 	Kecleon 	Color Change 		Protean
351	Castform 	Castform 	Forecast
351	Castform 	Castform 	Forecast
351	Castform 	Castform 	Forecast
351	Castform 	Castform 	Forecast
350	Milotic 	Milotic 	Marvel Scale 	Competitive 	Cute Charm
349	Feebas 	Feebas 	Swift Swim 	Oblivious 	Adaptability
348	Armaldo 	Armaldo 	Battle Armor 		Swift Swim
347	Anorith 	Anorith 	Battle Armor 		Swift Swim
346	Cradily 	Cradily 	Suction Cups 		Storm Drain
345	Lileep 	Lileep 	Suction Cups 		Storm Drain
344	Claydol 	Claydol 	Levitate
343	Baltoy 	Baltoy 	Levitate
342	Crawdaunt 	Crawdaunt 	Hyper Cutter 	Shell Armor 	Adaptability
341	Corphish 	Corphish 	Hyper Cutter 	Shell Armor 	Adaptability
340	Whiscash 	Whiscash 	Oblivious 	Anticipation 	Hydration
339	Barboach 	Barboach 	Oblivious 	Anticipation 	Hydration
338	Solrock 	Solrock 	Levitate
337	Lunatone 	Lunatone 	Levitate
336	Seviper 	Seviper 	Shed Skin 		Infiltrator
335	Zangoose 	Zangoose 	Immunity 		Toxic Boost
334	Altaria 	Mega Altaria 	Pixilate
334	Altaria 	Altaria 	Natural Cure 		Cloud Nine
333	Swablu 	Swablu 	Natural Cure 		Cloud Nine
332	Cacturne 	Cacturne 	Sand Veil 		Water Absorb
331	Cacnea 	Cacnea 	Sand Veil 		Water Absorb
330	Flygon 	Flygon 	Levitate
329	Vibrava 	Vibrava 	Levitate
328	Trapinch 	Trapinch 	Hyper Cutter 	Arena Trap 	Sheer Force
327	Spinda 	Spinda 	Own Tempo 	Tangled Feet 	Contrary
326	Grumpig 	Grumpig 	Thick Fat 	Own Tempo 	Gluttony
325	Spoink 	Spoink 	Thick Fat 	Own Tempo 	Gluttony
324	Torkoal 	Torkoal 	White Smoke 	Drought 	Shell Armor
323	Camerupt 	Mega Camerupt 	Sheer Force
323	Camerupt 	Camerupt 	Magma Armor 	Solid Rock 	Anger Point
322	Numel 	Numel 	Oblivious 	Simple 	Own Tempo
321	Wailord 	Wailord 	Water Veil 	Oblivious 	Pressure
320	Wailmer 	Wailmer 	Water Veil 	Oblivious 	Pressure
319	Sharpedo 	Sharpedo 	Rough Skin 		Speed Boost
319	Sharpedo 	Mega Sharpedo 	Strong Jaw
318	Carvanha 	Carvanha 	Rough Skin 		Speed Boost
317	Swalot 	Swalot 	Liquid Ooze 	Sticky Hold 	Gluttony
316	Gulpin 	Gulpin 	Liquid Ooze 	Sticky Hold 	Gluttony
315	Roselia 	Roselia 	Natural Cure 	Poison Point 	Leaf Guard
314	Illumise 	Illumise 	Oblivious 	Tinted Lens 	Prankster
313	Volbeat 	Volbeat 	Illuminate 	Swarm 	Prankster
312	Minun 	Minun 	Minus 		Volt Absorb
311	Plusle 	Plusle 	Plus 		Lightning Rod
310	Manectric 	Mega Manectric 	Intimidate
310	Manectric 	Manectric 	Static 	Lightning Rod 	Minus
309	Electrike 	Electrike 	Static 	Lightning Rod 	Minus
308	Medicham 	Mega Medicham 	Pure Power
308	Medicham 	Medicham 	Pure Power 		Telepathy
307	Meditite 	Meditite 	Pure Power 		Telepathy
306	Aggron 	Mega Aggron 	Filter
306	Aggron 	Aggron 	Sturdy 	Rock Head 	Heavy Metal
305	Lairon 	Lairon 	Sturdy 	Rock Head 	Heavy Metal
304	Aron 	Aron 	Sturdy 	Rock Head 	Heavy Metal
303	Mawile 	Mega Mawile 	Huge Power
303	Mawile 	Mawile 	Hyper Cutter 	Intimidate 	Sheer Force
302	Sableye 	Sableye 	Keen Eye 	Stall 	Prankster
302	Sableye 	Mega Sableye 	Magic Bounce
301	Delcatty 	Delcatty 	Cute Charm 	Normalize 	Wonder Skin
300	Skitty 	Skitty 	Cute Charm 	Normalize 	Wonder Skin
299	Nosepass 	Nosepass 	Sturdy 	Magnet Pull 	Sand Force
298	Azurill 	Azurill 	Thick Fat 	Huge Power 	Sap Sipper
297	Hariyama 	Hariyama 	Thick Fat 	Guts 	Sheer Force
296	Makuhita 	Makuhita 	Thick Fat 	Guts 	Sheer Force
295	Exploud 	Exploud 	Soundproof 		Scrappy
294	Loudred 	Loudred 	Soundproof 		Scrappy
293	Whismur 	Whismur 	Soundproof 		Rattled
292	Shedinja 	Shedinja 	Wonder Guard
291	Ninjask 	Ninjask 	Speed Boost 		Infiltrator
290	Nincada 	Nincada 	Compound Eyes 		Run Away
289	Slaking 	Slaking 	Truant
288	Vigoroth 	Vigoroth 	Vital Spirit
287	Slakoth 	Slakoth 	Truant
286	Breloom 	Breloom 	Effect Spore 	Poison Heal 	Technician
285	Shroomish 	Shroomish 	Effect Spore 	Poison Heal 	Quick Feet
284	Masquerain 	Masquerain 	Intimidate 		Unnerve
283	Surskit 	Surskit 	Swift Swim 		Rain Dish
282	Gardevoir 	Mega Gardevoir 	Pixilate
282	Gardevoir 	Gardevoir 	Synchronize 	Trace 	Telepathy
281	Kirlia 	Kirlia 	Synchronize 	Trace 	Telepathy
280	Ralts 	Ralts 	Synchronize 	Trace 	Telepathy
279	Pelipper 	Pelipper 	Keen Eye 	Drizzle 	Rain Dish
278	Wingull 	Wingull 	Keen Eye 	Hydration 	Rain Dish
277	Swellow 	Swellow 	Guts 		Scrappy
276	Taillow 	Taillow 	Guts 		Scrappy
275	Shiftry 	Shiftry 	Chlorophyll 	Early Bird 	Pickpocket
274	Nuzleaf 	Nuzleaf 	Chlorophyll 	Early Bird 	Pickpocket
273	Seedot 	Seedot 	Chlorophyll 	Early Bird 	Pickpocket
272	Ludicolo 	Ludicolo 	Swift Swim 	Rain Dish 	Own Tempo
271	Lombre 	Lombre 	Swift Swim 	Rain Dish 	Own Tempo
270	Lotad 	Lotad 	Swift Swim 	Rain Dish 	Own Tempo
269	Dustox 	Dustox 	Shield Dust 		Compound Eyes
268	Cascoon 	Cascoon 	Shed Skin
267	Beautifly 	Beautifly 	Swarm 		Rivalry
266	Silcoon 	Silcoon 	Shed Skin
265	Wurmple 	Wurmple 	Shield Dust 		Run Away
264	Linoone 	Linoone 	Pickup 	Gluttony 	Quick Feet
263	Zigzagoon 	Zigzagoon 	Pickup 	Gluttony 	Quick Feet
262	Mightyena 	Mightyena 	Intimidate 	Quick Feet 	Moxie
261	Poochyena 	Poochyena 	Run Away 	Quick Feet 	Rattled
260	Swampert 	Swampert 	Torrent 		Damp
260	Swampert 	Mega Swampert 	Swift Swim
259	Marshtomp 	Marshtomp 	Torrent 		Damp
258	Mudkip 	Mudkip 	Torrent 		Damp
257	Blaziken 	Mega Blaziken 	Speed Boost
257	Blaziken 	Blaziken 	Blaze 		Speed Boost
256	Combusken 	Combusken 	Blaze 		Speed Boost
255	Torchic 	Torchic 	Blaze 		Speed Boost
254	Sceptile 	Sceptile 	Overgrow 		Unburden
254	Sceptile 	Mega Sceptile 	Lightning Rod
253	Grovyle 	Grovyle 	Overgrow 		Unburden
252	Treecko 	Treecko 	Overgrow 		Unburden
251	Celebi 	Celebi 	Natural Cure
250	Ho-Oh 	Ho-Oh 	Pressure 		Regenerator
249	Lugia 	Lugia 	Pressure 		Multiscale
248	Tyranitar 	Tyranitar 	Sand Stream 		Unnerve
248	Tyranitar 	Mega Tyranitar 	Sand Stream
247	Pupitar 	Pupitar 	Shed Skin
246	Larvitar 	Larvitar 	Guts 		Sand Veil
245	Suicune 	Suicune 	Pressure 		Inner Focus
244	Entei 	Entei 	Pressure 		Inner Focus
243	Raikou 	Raikou 	Pressure 		Inner Focus
242	Blissey 	Blissey 	Natural Cure 	Serene Grace 	Healer
241	Miltank 	Miltank 	Thick Fat 	Scrappy 	Sap Sipper
240	Magby 	Magby 	Flame Body 		Vital Spirit
239	Elekid 	Elekid 	Static 		Vital Spirit
238	Smoochum 	Smoochum 	Oblivious 	Forewarn 	Hydration
237	Hitmontop 	Hitmontop 	Intimidate 	Technician 	Steadfast
236	Tyrogue 	Tyrogue 	Guts 	Steadfast 	Vital Spirit
235	Smeargle 	Smeargle 	Own Tempo 	Technician 	Moody
234	Stantler 	Stantler 	Intimidate 	Frisk 	Sap Sipper
233	Porygon2 	Porygon2 	Trace 	Download 	Analytic
232	Donphan 	Donphan 	Sturdy 		Sand Veil
231	Phanpy 	Phanpy 	Pickup 		Sand Veil
230	Kingdra 	Kingdra 	Swift Swim 	Sniper 	Damp
229	Houndoom 	Mega Houndoom 	Solar Power
229	Houndoom 	Houndoom 	Early Bird 	Flash Fire 	Unnerve
228	Houndour 	Houndour 	Early Bird 	Flash Fire 	Unnerve
227	Skarmory 	Skarmory 	Keen Eye 	Sturdy 	Weak Armor
226	Mantine 	Mantine 	Swift Swim 	Water Absorb 	Water Veil
225	Delibird 	Delibird 	Vital Spirit 	Hustle 	Insomnia
224	Octillery 	Octillery 	Suction Cups 	Sniper 	Moody
223	Remoraid 	Remoraid 	Hustle 	Sniper 	Moody
222	Corsola 	Corsola 	Hustle 	Natural Cure 	Regenerator
221	Piloswine 	Piloswine 	Oblivious 	Snow Cloak 	Thick Fat
220	Swinub 	Swinub 	Oblivious 	Snow Cloak 	Thick Fat
219	Magcargo 	Magcargo 	Magma Armor 	Flame Body 	Weak Armor
218	Slugma 	Slugma 	Magma Armor 	Flame Body 	Weak Armor
217	Ursaring 	Ursaring 	Guts 	Quick Feet 	Unnerve
216	Teddiursa 	Teddiursa 	Pickup 	Quick Feet 	Honey Gather
215	Sneasel 	Sneasel 	Inner Focus 	Keen Eye 	Pickpocket
214	Heracross 	Mega Heracross 	Skill Link
214	Heracross 	Heracross 	Swarm 	Guts 	Moxie
213	Shuckle 	Shuckle 	Sturdy 	Gluttony 	Contrary
212	Scizor 	Scizor 	Swarm 	Technician 	Light Metal
212	Scizor 	Mega Scizor 	Technician
211	Qwilfish 	Qwilfish 	Poison Point 	Swift Swim 	Intimidate
210	Granbull 	Granbull 	Intimidate 	Quick Feet 	Rattled
209	Snubbull 	Snubbull 	Intimidate 	Run Away 	Rattled
208	Steelix 	Steelix 	Rock Head 	Sturdy 	Sheer Force
208	Steelix 	Mega Steelix 	Sand Force
207	Gligar 	Gligar 	Hyper Cutter 	Sand Veil 	Immunity
206	Dunsparce 	Dunsparce 	Serene Grace 	Run Away 	Rattled
205	Forretress 	Forretress 	Sturdy 		Overcoat
204	Pineco 	Pineco 	Sturdy 		Overcoat
203	Girafarig 	Girafarig 	Inner Focus 	Early Bird 	Sap Sipper
202	Wobbuffet 	Wobbuffet 	Shadow Tag 		Telepathy
201	Unown 	Unown 	Levitate
200	Misdreavus 	Misdreavus 	Levitate
199	Slowking 	Slowking 	Oblivious 	Own Tempo 	Regenerator
198	Murkrow 	Murkrow 	Insomnia 	Super Luck 	Prankster
197	Umbreon 	Umbreon 	Synchronize 		Inner Focus
196	Espeon 	Espeon 	Synchronize 		Magic Bounce
195	Quagsire 	Quagsire 	Damp 	Water Absorb 	Unaware
194	Wooper 	Wooper 	Damp 	Water Absorb 	Unaware
193	Yanma 	Yanma 	Speed Boost 	Compound Eyes 	Frisk
192	Sunflora 	Sunflora 	Chlorophyll 	Solar Power 	Early Bird
191	Sunkern 	Sunkern 	Chlorophyll 	Solar Power 	Early Bird
190	Aipom 	Aipom 	Run Away 	Pickup 	Skill Link
189	Jumpluff 	Jumpluff 	Chlorophyll 	Leaf Guard 	Infiltrator
188	Skiploom 	Skiploom 	Chlorophyll 	Leaf Guard 	Infiltrator
187	Hoppip 	Hoppip 	Chlorophyll 	Leaf Guard 	Infiltrator
186	Politoed 	Politoed 	Water Absorb 	Damp 	Drizzle
185	Sudowoodo 	Sudowoodo 	Sturdy 	Rock Head 	Rattled
184	Azumarill 	Azumarill 	Thick Fat 	Huge Power 	Sap Sipper
183	Marill 	Marill 	Thick Fat 	Huge Power 	Sap Sipper
182	Bellossom 	Bellossom 	Chlorophyll 		Healer
181	Ampharos 	Mega Ampharos 	Mold Breaker
181	Ampharos 	Ampharos 	Static 		Plus
180	Flaaffy 	Flaaffy 	Static 		Plus
179	Mareep 	Mareep 	Static 		Plus
178	Xatu 	Xatu 	Synchronize 	Early Bird 	Magic Bounce
177	Natu 	Natu 	Synchronize 	Early Bird 	Magic Bounce
176	Togetic 	Togetic 	Hustle 	Serene Grace 	Super Luck
175	Togepi 	Togepi 	Hustle 	Serene Grace 	Super Luck
174	Igglybuff 	Igglybuff 	Cute Charm 	Competitive 	Friend Guard
173	Cleffa 	Cleffa 	Cute Charm 	Magic Guard 	Friend Guard
172	Pichu 	Spiky-eared Pichu 	Static
172	Pichu 	Pichu 	Static 		Lightning Rod
171	Lanturn 	Lanturn 	Volt Absorb 	Illuminate 	Water Absorb
170	Chinchou 	Chinchou 	Volt Absorb 	Illuminate 	Water Absorb
169	Crobat 	Crobat 	Inner Focus 		Infiltrator
168	Ariados 	Ariados 	Swarm 	Insomnia 	Sniper
167	Spinarak 	Spinarak 	Swarm 	Insomnia 	Sniper
166	Ledian 	Ledian 	Swarm 	Early Bird 	Iron Fist
165	Ledyba 	Ledyba 	Swarm 	Early Bird 	Rattled
164	Noctowl 	Noctowl 	Insomnia 	Keen Eye 	Tinted Lens
163	Hoothoot 	Hoothoot 	Insomnia 	Keen Eye 	Tinted Lens
162	Furret 	Furret 	Run Away 	Keen Eye 	Frisk
161	Sentret 	Sentret 	Run Away 	Keen Eye 	Frisk
160	Feraligatr 	Feraligatr 	Torrent 		Sheer Force
159	Croconaw 	Croconaw 	Torrent 		Sheer Force
158	Totodile 	Totodile 	Torrent 		Sheer Force
157	Typhlosion 	Typhlosion 	Blaze 		Flash Fire
156	Quilava 	Quilava 	Blaze 		Flash Fire
155	Cyndaquil 	Cyndaquil 	Blaze 		Flash Fire
154	Meganium 	Meganium 	Overgrow 		Leaf Guard
153	Bayleef 	Bayleef 	Overgrow 		Leaf Guard
152	Chikorita 	Chikorita 	Overgrow 		Leaf Guard
151	Mew 	Mew 	Synchronize
150	Mewtwo 	Mewtwo 	Pressure 		Unnerve
150	Mewtwo 	Mega Mewtwo Y 	Insomnia
150	Mewtwo 	Mega Mewtwo X 	Steadfast
149	Dragonite 	Dragonite 	Inner Focus 		Multiscale
148	Dragonair 	Dragonair 	Shed Skin 		Marvel Scale
147	Dratini 	Dratini 	Shed Skin 		Marvel Scale
146	Moltres 	Moltres 	Pressure 		Flame Body
145	Zapdos 	Zapdos 	Pressure 		Static
144	Articuno 	Articuno 	Pressure 		Snow Cloak
143	Snorlax 	Snorlax 	Immunity 	Thick Fat 	Gluttony
142	Aerodactyl 	Mega Aerodactyl 	Tough Claws
142	Aerodactyl 	Aerodactyl 	Rock Head 	Pressure 	Unnerve
141	Kabutops 	Kabutops 	Swift Swim 	Battle Armor 	Weak Armor
140	Kabuto 	Kabuto 	Swift Swim 	Battle Armor 	Weak Armor
139	Omastar 	Omastar 	Swift Swim 	Shell Armor 	Weak Armor
138	Omanyte 	Omanyte 	Swift Swim 	Shell Armor 	Weak Armor
137	Porygon 	Porygon 	Trace 	Download 	Analytic
136	Flareon 	Flareon 	Flash Fire 		Guts
135	Jolteon 	Jolteon 	Volt Absorb 		Quick Feet
134	Vaporeon 	Vaporeon 	Water Absorb 		Hydration
133	Eevee 	Eevee 	Run Away 	Adaptability 	Anticipation
132	Ditto 	Ditto 	Limber 		Imposter
131	Lapras 	Lapras 	Water Absorb 	Shell Armor 	Hydration
130	Gyarados 	Mega Gyarados 	Mold Breaker
130	Gyarados 	Gyarados 	Intimidate 		Moxie
129	Magikarp 	Magikarp 	Swift Swim 		Rattled
128	Tauros 	Tauros 	Intimidate 	Anger Point 	Sheer Force
127	Pinsir 	Pinsir 	Hyper Cutter 	Mold Breaker 	Moxie
127	Pinsir 	Mega Pinsir 	Aerilate
126	Magmar 	Magmar 	Flame Body 		Vital Spirit
125	Electabuzz 	Electabuzz 	Static 		Vital Spirit
124	Jynx 	Jynx 	Oblivious 	Forewarn 	Dry Skin
123	Scyther 	Scyther 	Swarm 	Technician 	Steadfast
122	Mr. Mime 	Mr. Mime 	Soundproof 	Filter 	Technician
121	Starmie 	Starmie 	Illuminate 	Natural Cure 	Analytic
120	Staryu 	Staryu 	Illuminate 	Natural Cure 	Analytic
119	Seaking 	Seaking 	Swift Swim 	Water Veil 	Lightning Rod
118	Goldeen 	Goldeen 	Swift Swim 	Water Veil 	Lightning Rod
117	Seadra 	Seadra 	Poison Point 	Sniper 	Damp
116	Horsea 	Horsea 	Swift Swim 	Sniper 	Damp
115	Kangaskhan 	Mega Kangaskhan 	Parental Bond
115	Kangaskhan 	Kangaskhan 	Early Bird 	Scrappy 	Inner Focus
114	Tangela 	Tangela 	Chlorophyll 	Leaf Guard 	Regenerator
113	Chansey 	Chansey 	Natural Cure 	Serene Grace 	Healer
112	Rhydon 	Rhydon 	Lightning Rod 	Rock Head 	Reckless
111	Rhyhorn 	Rhyhorn 	Lightning Rod 	Rock Head 	Reckless
110	Weezing 	Weezing 	Levitate
109	Koffing 	Koffing 	Levitate
108	Lickitung 	Lickitung 	Own Tempo 	Oblivious 	Cloud Nine
107	Hitmonchan 	Hitmonchan 	Keen Eye 	Iron Fist 	Inner Focus
106	Hitmonlee 	Hitmonlee 	Limber 	Reckless 	Unburden
105	Marowak 	Marowak 	Rock Head 	Lightning Rod 	Battle Armor
105	Marowak 	Alolan Marowak 	Cursed Body 	Lightning Rod 	Rock Head
104	Cubone 	Cubone 	Rock Head 	Lightning Rod 	Battle Armor
103	Exeggutor 	Exeggutor 	Chlorophyll 		Harvest
103	Exeggutor 	Alolan Exeggutor 	Frisk 		Harvest
102	Exeggcute 	Exeggcute 	Chlorophyll 		Harvest
101	Electrode 	Electrode 	Soundproof 	Static 	Aftermath
100	Voltorb 	Voltorb 	Soundproof 	Static 	Aftermath
99	Kingler 	Kingler 	Hyper Cutter 	Shell Armor 	Sheer Force
98	Krabby 	Krabby 	Hyper Cutter 	Shell Armor 	Sheer Force
97	Hypno 	Hypno 	Insomnia 	Forewarn 	Inner Focus
96	Drowzee 	Drowzee 	Insomnia 	Forewarn 	Inner Focus
95	Onix 	Onix 	Rock Head 	Sturdy 	Weak Armor
94	Gengar 	Mega Gengar 	Shadow Tag
94	Gengar 	Gengar 	Cursed Body
93	Haunter 	Haunter 	Levitate
92	Gastly 	Gastly 	Levitate
91	Cloyster 	Cloyster 	Shell Armor 	Skill Link 	Overcoat
90	Shellder 	Shellder 	Shell Armor 	Skill Link 	Overcoat
89	Muk 	Muk 	Stench 	Sticky Hold 	Poison Touch
89	Muk 	Alolan Muk 	Poison Touch 	Gluttony 	Power of Alchemy
88	Grimer 	Grimer 	Stench 	Sticky Hold 	Poison Touch
88	Grimer 	Alolan Grimer 	Poison Touch 	Gluttony 	Power of Alchemy
87	Dewgong 	Dewgong 	Thick Fat 	Hydration 	Ice Body
86	Seel 	Seel 	Thick Fat 	Hydration 	Ice Body
85	Dodrio 	Dodrio 	Run Away 	Early Bird 	Tangled Feet
84	Doduo 	Doduo 	Run Away 	Early Bird 	Tangled Feet
83	Farfetch'd 	Farfetch'd 	Keen Eye 	Inner Focus 	Defiant
82	Magneton 	Magneton 	Magnet Pull 	Sturdy 	Analytic
81	Magnemite 	Magnemite 	Magnet Pull 	Sturdy 	Analytic
80	Slowbro 	Slowbro 	Oblivious 	Own Tempo 	Regenerator
80	Slowbro 	Mega Slowbro 	Shell Armor
79	Slowpoke 	Slowpoke 	Oblivious 	Own Tempo 	Regenerator
78	Rapidash 	Rapidash 	Run Away 	Flash Fire 	Flame Body
77	Ponyta 	Ponyta 	Run Away 	Flash Fire 	Flame Body
76	Golem 	Golem 	Rock Head 	Sturdy 	Sand Veil
76	Golem 	Alolan Golem 	Magnet Pull 	Sturdy 	Galvanize
75	Graveler 	Graveler 	Rock Head 	Sturdy 	Sand Veil
75	Graveler 	Alolan Graveler 	Magnet Pull 	Sturdy 	Galvanize
74	Geodude 	Geodude 	Rock Head 	Sturdy 	Sand Veil
74	Geodude 	Alolan Geodude 	Magnet Pull 	Sturdy 	Galvanize
73	Tentacruel 	Tentacruel 	Clear Body 	Liquid Ooze 	Rain Dish
72	Tentacool 	Tentacool 	Clear Body 	Liquid Ooze 	Rain Dish
71	Victreebel 	Victreebel 	Chlorophyll 		Gluttony
70	Weepinbell 	Weepinbell 	Chlorophyll 		Gluttony
69	Bellsprout 	Bellsprout 	Chlorophyll 		Gluttony
68	Machamp 	Machamp 	Guts 	No Guard 	Steadfast
67	Machoke 	Machoke 	Guts 	No Guard 	Steadfast
66	Machop 	Machop 	Guts 	No Guard 	Steadfast
65	Alakazam 	Mega Alakazam 	Trace
65	Alakazam 	Alakazam 	Synchronize 	Inner Focus 	Magic Guard
64	Kadabra 	Kadabra 	Synchronize 	Inner Focus 	Magic Guard
63	Abra 	Abra 	Synchronize 	Inner Focus 	Magic Guard
62	Poliwrath 	Poliwrath 	Water Absorb 	Damp 	Swift Swim
61	Poliwhirl 	Poliwhirl 	Water Absorb 	Damp 	Swift Swim
60	Poliwag 	Poliwag 	Water Absorb 	Damp 	Swift Swim
59	Arcanine 	Arcanine 	Intimidate 	Flash Fire 	Justified
58	Growlithe 	Growlithe 	Intimidate 	Flash Fire 	Justified
57	Primeape 	Primeape 	Vital Spirit 	Anger Point 	Defiant
56	Mankey 	Mankey 	Vital Spirit 	Anger Point 	Defiant
55	Golduck 	Golduck 	Damp 	Cloud Nine 	Swift Swim
54	Psyduck 	Psyduck 	Damp 	Cloud Nine 	Swift Swim
53	Persian 	Persian 	Limber 	Technician 	Unnerve
53	Persian 	Alolan Persian 	Fur Coat 	Technician 	Rattled
52	Meowth 	Meowth 	Pickup 	Technician 	Unnerve
52	Meowth 	Alolan Meowth 	Pickup 	Technician 	Rattled
51	Dugtrio 	Dugtrio 	Sand Veil 	Arena Trap 	Sand Force
51	Dugtrio 	Alolan Dugtrio 	Sand Veil 	Tangling Hair 	Sand Force
50	Diglett 	Diglett 	Sand Veil 	Arena Trap 	Sand Force
50	Diglett 	Alolan Diglett 	Sand Veil 	Tangling Hair 	Sand Force
49	Venomoth 	Venomoth 	Shield Dust 	Tinted Lens 	Wonder Skin
48	Venonat 	Venonat 	Compound Eyes 	Tinted Lens 	Run Away
47	Parasect 	Parasect 	Effect Spore 	Dry Skin 	Damp
46	Paras 	Paras 	Effect Spore 	Dry Skin 	Damp
45	Vileplume 	Vileplume 	Chlorophyll 		Effect Spore
44	Gloom 	Gloom 	Chlorophyll 		Stench
43	Oddish 	Oddish 	Chlorophyll 		Run Away
42	Golbat 	Golbat 	Inner Focus 		Infiltrator
41	Zubat 	Zubat 	Inner Focus 		Infiltrator
40	Wigglytuff 	Wigglytuff 	Cute Charm 	Competitive 	Frisk
39	Jigglypuff 	Jigglypuff 	Cute Charm 	Competitive 	Friend Guard
38	Ninetales 	Ninetales 	Flash Fire 		Drought
38	Ninetales 	Alolan Ninetales 	Snow Cloak 		Snow Warning
37	Vulpix 	Vulpix 	Flash Fire 		Drought
37	Vulpix 	Alolan Vulpix 	Snow Cloak 		Snow Warning
36	Clefable 	Clefable 	Cute Charm 	Magic Guard 	Unaware
35	Clefairy 	Clefairy 	Cute Charm 	Magic Guard 	Friend Guard
34	Nidoking 	Nidoking 	Poison Point 	Rivalry 	Sheer Force
33	Nidorino 	Nidorino 	Poison Point 	Rivalry 	Hustle
32	Nidoran♂ 	Nidoran♂ 	Poison Point 	Rivalry 	Hustle
31	Nidoqueen 	Nidoqueen 	Poison Point 	Rivalry 	Sheer Force
30	Nidorina 	Nidorina 	Poison Point 	Rivalry 	Hustle
29	Nidoran♀ 	Nidoran♀ 	Poison Point 	Rivalry 	Hustle
28	Sandslash 	Sandslash 	Sand Veil 		Sand Rush
28	Sandslash 	Alolan Sandslash 	Snow Cloak 		Slush Rush
27	Sandshrew 	Sandshrew 	Sand Veil 		Sand Rush
27	Sandshrew 	Alolan Sandshrew 	Snow Cloak 		Slush Rush
26	Raichu 	Raichu 	Static 		Lightning Rod
26	Raichu 	Alolan Raichu 	Surge Surfer
25	Pikachu 	Pikachu in a cap 	Static
25	Pikachu 	Pikachu 	Static 		Lightning Rod
25	Pikachu 	Cosplay Pikachu 	Lightning Rod
24	Arbok 	Arbok 	Intimidate 	Shed Skin 	Unnerve
23	Ekans 	Ekans 	Intimidate 	Shed Skin 	Unnerve
22	Fearow 	Fearow 	Keen Eye 		Sniper
21	Spearow 	Spearow 	Keen Eye 		Sniper
20	Raticate 	Raticate 	Run Away 	Guts 	Hustle
20	Raticate 	Alolan Raticate 	Gluttony 	Hustle 	Thick Fat
19	Rattata 	Rattata 	Run Away 	Guts 	Hustle
19	Rattata 	Alolan Rattata 	Gluttony 	Hustle 	Thick Fat
18	Pidgeot 	Pidgeot 	Keen Eye 	Tangled Feet 	Big Pecks
18	Pidgeot 	Mega Pidgeot 	No Guard
17	Pidgeotto 	Pidgeotto 	Keen Eye 	Tangled Feet 	Big Pecks
16	Pidgey 	Pidgey 	Keen Eye 	Tangled Feet 	Big Pecks
15	Beedrill 	Mega Beedrill 	Adaptability
15	Beedrill 	Beedrill 	Swarm 		Sniper
14	Kakuna 	Kakuna 	Shed Skin
13	Weedle 	Weedle 	Shield Dust 		Run Away
12	Butterfree 	Butterfree 	Compound Eyes 		Tinted Lens
11	Metapod 	Metapod 	Shed Skin
10	Caterpie 	Caterpie 	Shield Dust 		Run Away
9	Blastoise 	Mega Blastoise 	Mega Launcher
9	Blastoise 	Blastoise 	Torrent 		Rain Dish
8	Wartortle 	Wartortle 	Torrent 		Rain Dish
7	Squirtle 	Squirtle 	Torrent 		Rain Dish
6	Charizard 	Mega Charizard Y 	Drought
6	Charizard 	Mega Charizard X 	Tough Claws
6	Charizard 	Charizard 	Blaze 		Solar Power
5	Charmeleon 	Charmeleon 	Blaze 		Solar Power
4	Charmander 	Charmander 	Blaze 		Solar Power
3	Venusaur 	Venusaur 	Overgrow 		Chlorophyll
3	Venusaur 	Mega Venusaur 	Thick Fat
2	Ivysaur 	Ivysaur 	Overgrow 		Chlorophyll
1	Bulbasaur 	Bulbasaur 	Overgrow 		Chlorophyll