rotation_num,nestid,species_txt,species_no,confirmation
47,3,Sandshrew,27,
47,5,Sneasel,215,
47,18,Clefairy?,,
47,20,Shroomish,285,1
47,21,Snubull,,
47,22,Aipom,190,
47,32,Slowpoke,79,1
47,36,Shroomish,285,
47,38,Commons,0,
47,44,Meowth,52,
47,45,Commons,0,
47,46,Ekans,23,
47,51,Doduo,84,1
47,52,Kabuto,140,
47,63,Duskull,355,1
47,67,Commons,0,1
47,72,Treeko,,1
47,84,Hopip,,1
47,85,Horsea (go figure),,1
47,86,Pikachu,25,1
47,92,Magmar,126,1
47,96,Diglett,50,1
47,97,Eevee,133,
47,100,Diglett,50,1
47,109,Teddiursa,216,1
47,154,Charmander,4,1
47,27,Sneasel,215,1
47,133,Drowzee,96,1
47,138,Houndour,228,
47,141,Poliwag,60,1
47,149,Yanma,193,
47,150,Pikachu,25,
47,151,Poliwag,60,
47,164,Krabby,98,1
47,168,Sneasel,215,
47,182,Squirtle,7,1
47,188,Commons,0,
47,189,Zubat,41,1
47,190,Gastly,92,1
47,156,Pikachu,25,
47,196,Rhyhorn,111,1
47,197,Mankey,56,
47,204,Cyndaquil,155,1
47,208,Omanyte,138,1
47,209,Gastly,92,1
47,212,Blue (f) Nidorans ‚ôÄ,,
47,214,Pikachu,25,1
47,215,Diglett,50,1
47,216,Meditite,307,
47,220,Girafarig,203,1
47,249,Skitty,300,1
47,225,Skitty,300,
47,227,Swinub,220,1
47,230,Charmander,4,1
47,236,Mudkip,258,1
47,239,Ekans,23,
47,241,Wobaffet,,
47,244,Ryhorn,,
47,246,Houndour,228,1
47,250,Voltorb,100,
48,2,Shuckle,213,
48,3,Growlithe,58,1
48,16,Aipom,190,
48,18,Wobbuffet,202,
48,20,Shuckle,213,1
48,21,Nosepass,299,
48,23,Diglett,50,1
48,26,Spoink,325,1
48,28,Scyther,123,
48,30,Nosepass,299,1
48,32,Pidgey,16,1
48,38,Commons,0,
48,45,Carvanha,318,1
48,46,Magmar,126,1
48,48,Corphish,341,1
48,51,Magikarp,129,1
48,53,Abra,63,1
48,57,Nosepass,299,
48,60,Luvdisc,370,1
48,63,Abra,63,1
48,65,Commons,0,
48,67,Commons,0,1
48,68,Staryu,120,
48,72,Seel,86,
48,81,Scyther,123,1
48,84,Omanyte,138,1
48,85,Horsea,116,1
48,86,Aipom,190,1
48,252,Voltorb,100,
48,96,Baltoy,343,1
48,100,Spheal,363,1
48,105,Pikachu,25,
48,106,Ekans,23,
48,109,Yanma,193,1
48,113,Goldeen,118,
48,119,Electabuzz,125,1
48,121,Quilfish,,
48,125,Walimer,,
48,127,Wishmur,,
48,27,Baltoy,343,1
48,129,Slowpoke,79,
48,132,Electabuzz,125,
48,133,Electrike,309,1
48,41,Magmar,126,
48,146,Torchic,255,
48,149,Shuckle,213,
48,151,Luvdisc,370,1
48,156,Ponyta,77,
48,164,Omanyte,138,
48,168,Luvdisc,370,
48,171,Girafarig,203,
48,177,Treeko,,
48,175,Hopip,,
48,182,Voltorb,100,1
48,184,Meowth,52,
48,186,Misdrevous,,
48,189,Magmar,126,1
48,190,Electabuzz,125,1
48,194,Electricke,,
48,196,Meditite,307,1
48,197,Barboach,339,
48,200,Sandshrew,27,
48,204,Machop,66,1
48,205,Remoraid,223,
48,209,Onix,95,1
48,212,Seel,86,
48,214,Cyndaquil,155,1
48,215,Baltoy,343,1
48,217,Baltoy,343,
48,220,Jynx,124,
48,223,Slowpoke,79,
48,249,Poliwag,60,1
48,227,Yanma,193,
48,230,Sandshrew,27,1
48,236,Wingull,278,1
48,239,Vulpix,37,1
48,240,Wingull,278,
48,242,Omanyte?,,
48,244,Mudkip,258,
48,245,Cyndaquil,155,1
49,3,Swinub,220,1
49,12,Diglett,50,1
49,18,Luvdisc,370,
49,20,Cubone,104,1
49,21,Growlithe,58,
49,23,Nosepass,299,1
49,26,Ekans,23,1
49,28,Rhyhorn,111,1
49,30,Snubull,,1
49,32,Shuppet,353,1
49,33,Magnemite,81,
49,38,Goldeen,118,
49,44,Commons,0,
49,45,Barboach,339,1
49,46,Barboach,339,1
49,52,Sandshrew,27,
49,53,Ponyta,77,1
49,58,Jynx,124,
49,61,Wingull,278,
49,63,Wooper,194,1
49,65,Pinsir,127,
49,67,Abra,63,1
49,72,Dunsparce,206,
49,84,Growlithe,58,1
49,85,Corphish,341,1
49,86,Krabby,98,1
49,89,Quilfish,,
49,93,Aaron,,
49,96,Eevee,133,1
49,97,Krabby,98,
49,100,Spoink,325,1
49,105,Mankey,56,
49,106,Cubone,104,
49,109,Hoppip,187,1
49,114,Corphish,341,
49,116,Voltorb,100,
49,119,Carvhana,,
49,128,Duskull,355,1
49,27,Nosepass,299,1
49,130,Totodile,158,
49,133,Diglett,50,1
49,138,Sandshrew,27,
49,141,Treeko,,1
49,144,Corphish,341,
49,146,Electrike,309,
49,148,Barboach,339,
49,150,Abra,63,
49,168,Taillow,276,
49,171,Commons,0,
49,179,Cyndaquil,155,
49,182,Poocheyna,,
49,189,Magnemite,81,1
49,190,Sentret,161,
49,156,Slugma,218,
49,196,Teddiursa,216,1
49,197,Duskull,355,
49,204,Horsea,116,1
49,209,Magikarp,129,1
49,212,Wobaffet,,
49,214,Poochyeena,,1
49,215,Goldeen,118,
49,216,Yanma,193,
49,220,Pikachu,25,
49,249,Dunsparce,206,1
49,226,Abra,63,
49,227,Onix,95,
49,230,Rhyhorn,111,1
49,236,Clefairy,35,
49,239,Onix,95,1
49,241,Quilfish or Spoink,,
49,242,Mankey,56,
49,244,Meowth,52,
50,2,Geodude,74,
50,3,Swablu,333,
50,5,Barboach,339,
50,11,Water Biome,,1
50,18,Zubat,41,
50,21,Scyther,123,1
50,23,Goldeen,118,
50,30,Snubull,,
50,32,My Little Ponyta,,1
50,38,Krabby,98,1
50,44,Chinchou,170,1
50,45,Spoink,325,1
50,46,Treeko,,1
50,51,Swinub,220,
50,53,Kabuto,140,1
50,55,Water Biome,,1
50,60,Commons,0,
50,63,Natu,177,1
50,65,Onix,95,
50,67,Gulpin,316,
50,71,Water Biome,,1
50,72,Wishmur,,1
50,79,Nosepass,299,
50,81,Electrike,309,
50,84,Sandshrew,27,1
50,85,Duskull,355,1
50,86,Electabuzz,125,1
50,96,Electric charmander (Pikachu),,1
50,97,Voltorb,100,
50,100,Shuckle,213,1
50,109,Purple Nidorans,,1
50,113,Teddiursa,216,
50,123,Marill,183,1
50,27,Baltoy,343,1
50,129,Mudkip,258,
50,133,Corphish,341,1
50,146,Snubull,,1
50,147,Dunsparce,206,1
50,151,Numel,322,1
50,164,Cubone,104,
50,168,Bulbasaur,1,
50,177,Snubull,,
50,182,Cyndaquil,155,1
50,186,Commons,0,
50,188,Walimer,,
50,189,Growlithe,58,1
50,190,Tentacool,72,
50,193,Aron,304,
50,194,Female Nidoran,,
50,196,Numel,322,1
50,197,Chinchou,170,1
50,204,Kabuto,140,
50,205,Spoink,325,
50,209,Girafarig,203,1
50,212,Scyther,123,1
50,214,Diglett,50,
50,216,Aipom,190,
50,217,Growlithe,58,
50,223,Geodude,74,
50,249,Zubat,41,1
50,226,Shellder,90,
50,239,Omanyte,138,
50,241,Kabuto,140,
50,242,Luvdisc,370,1
51,3,Cubone,104,
51,5,Corphish,341,
51,8,Machop,66,
51,11,Water Biome,,1
51,12,Mankey,56,1
51,21,Shroomish,285,1
51,22,Spheal,363,1
51,23,Poochyena,261,
51,34,Carvanha,318,
51,28,Dunsparce,206,1
51,30,Poocheyna,,
51,32,Electricke,,1
51,35,Sneasel,215,
51,38,Teddiursa,216,
51,45,Chikorita,152,1
51,46,Jigglypuff,39,
51,53,Barboach,339,
51,55,Water Biome,,1
51,58,Slugma,218,
51,63,Venonat,48,1
51,65,Shuppet,353,
51,67,Purple (male) Nidoran,,
51,72,Vulpix,37,1
51,75,Wingull,278,
51,78,Spoink,325,
51,82,Magmar,126,
51,84,Shellder,90,
51,85,Teddiursa,216,1
51,89,Charmander,4,1
51,92,Torchic,255,
51,94,Eevee,133,
51,66,Duskull,355,1
51,96,Remoraid,223,1
51,97,Seel,86,
51,99,Shellder,90,
51,100,Shuckle,213,
51,101,Water Biome,,1
51,105,Kabuto,140,
51,108,Meditite,307,
51,109,Spoink,325,
51,121,Meditite,307,
51,122,Remoraid,223,
51,123,Swinub,220,
51,126,Shuckle,213,
51,128,Teddiursa,216,
51,27,Slugma,218,
51,131,Quilfish,,
51,133,Swinub,220,1
51,134,Meditite,307,
51,136,Growlithe,58,
51,137,Wingull,278,
51,41,Electabuzz,125,
51,146,Shuckle,213,1
51,147,Meditite,307,1
51,151,Karp,,
51,164,Duskull,355,1
51,166,Mudkip,258,
51,253,Torchic,255,
51,168,Ekans,23,
51,206,Pikachu,25,
51,169,Magmar,126,1
51,171,Abra,63,
51,173,Quilfish,,
51,175,Omanyte,138,
51,177,Dunsparce,206,
51,182,Numel,322,1
51,185,Mudkip,258,1
51,188,Onix,95,1
51,195,Walimer?,,
51,189,Spoink,325,1
51,192,Wingull,278,
51,193,Onix,95,
51,194,Ekans,23,
51,196,Squirtle,7,1
51,198,Marill,183,
51,199,Machop,66,
51,202,Jigglypuff,39,
51,204,Mankey,56,1
51,209,Spoink,325,1
51,212,Sneasel,215,
51,214,Meditide,,
51,215,Torchic,255,
51,216,Makuhita,296,1
51,221,Duskull,355,
51,249,Cyndaquil,155,1
51,229,Water Biome,,1
51,238,Scyther,123,1
51,239,Diglett,50,
51,242,Clefairy,35,1
51,245,Totodile,158,1
51,248,Growlithe,58,
51,250,Goldeen,118,
52,3,Rhyhorn,111,1
52,4,Hoothoot,163,
52,6,Houndour,228,
52,8,Surakit,,
52,11,Water Biome,,1
52,17,Doduo,84,
52,21,Dunsparce,206,1
52,28,Ekans,23,
52,30,Eevee,133,1
52,120,Duskull,355,1
52,32,Oddish,43,
52,38,Squirtle,7,1
52,44,Squirtle,7,1
52,45,Wingull,278,1
52,50,Wingull,278,1
52,51,Marill,183,
52,53,Voltorb,100,
52,55,Water Biome,,1
52,60,Geodude,74,
52,63,Sentret?,,
52,65,Chikorita,152,
52,66,Wingull,278,1
52,67,Squirtle,7,
52,72,Makuhita?,,
52,73,Wobbuffet,202,1
52,75,Totodile,158,1
52,76,Rhyhorn,111,1
52,78,Weedle,13,
52,79,Shuckle,213,
52,80,Shuckle,213,
52,81,Doduo,84,
52,83,Electabuzz,125,
52,84,Shuppet,353,1
52,85,Whismur,293,
52,90,Doduo,84,
52,94,Luvdisc,370,1
52,96,Surskit (Charmander coming May 19),,1
52,97,Walimer,,
52,186,Tentacool,72,
52,99,Wingull,278,1
52,100,üêÄ,,
52,101,Water Biome,,1
52,109,Carvanha,318,1
52,113,Vulpix,37,
52,119,Wobuffet,,
52,123,Onix,95,
52,125,Treeko,,
52,129,Eggs,,
52,133,Commons,0,
52,136,Weedle?,,
52,141,Houndour,228,
52,142,Zubat,41,
52,147,Houndour,228,
52,148,Disappointment,,
52,154,Exeggcute,102,
52,157,Torchic,255,
52,163,Cynadquil,,
52,164,Zigazoon,,
52,168,Drowzee,96,
52,169,Voltorb,100,1
52,171,Poliwag,60,
52,174,Barboach,339,
52,182,Slugma,218,
52,188,Omanyte,138,
52,189,Weedle,13,1
52,190,Diglett,50,1
52,192,Aron,304,
52,194,Doduo,84,1
52,196,Psyduck,54,1
52,197,Seel,86,
52,204,Torchic,255,1
52,205,Vulpix,37,
52,206,Pikachu,25,
52,209,Geodude,74,1
52,212,Spinarak,167,
52,214,Mankey?,,
52,215,Growlithe,58,
52,216,Zubat,41,
52,217,Swinub,220,
52,249,Seel,86,1
52,229,Water Biome,,1
52,234,Machop,66,
52,238,Seel,86,1
52,239,Vulpix?,,1
52,248,Quilfish,,
52,250,Girafarig,203,
53,2,üê≥,,
53,3,Goldeen,118,
53,6,Wingull,278,
53,8,Tentacool,72,
53,11,Water Biome,,1
53,12,Shroomish,285,
53,17,Dunsparce,206,
53,23,Seel,86,
53,34,Kabuto,140,1
53,30,Slugma,218,1
53,120,Cyndaquil,155,1
53,32,Yanma,193,
53,37,Torchic?,,
53,41,Commons,0,
53,44,Shuckle,213,
53,45,Diglett,50,1
53,46,Staryu,120,
53,51,Sneasel,215,
53,55,Water Biome,,1
53,56,Eevee,133,
53,63,Electricke,,1
53,64,Growlithe,58,
53,66,Weedle,13,1
53,67,Sunkern,191,
53,69,Voltorb,100,1
53,72,Pikachu,25,
53,74,Electabuzz,125,
53,75,Barboach,339,
53,76,Natu,177,
53,78,Wingull,278,1
53,79,Sunkern,191,
53,84,Chikorita,152,1
53,85,Swablu,333,1
53,86,Paras,46,1
53,91,Cyndaquil,155,
53,92,Luvdisc,370,1
53,94,Skitty,300,
53,96,Aipom,190,1
53,97,Shroomish,285,
53,99,Omanyte,138,
53,100,Cyndaquil,155,
53,101,Water Biome,,1
53,109,Baltoy,343,1
53,113,Onix,95,
53,118,Mudkip,258,1
53,119,Bulbasaur,1,
53,122,Clefairy,35,
53,123,Jynx,124,
53,126,Cubone,104,
53,27,Sandshrew,27,
53,133,Nidoran üïµÔ∏è‚Äç‚ôÄÔ∏è,,
53,136,Meditite,307,1
53,141,Ladybugs,,
53,145,Bellsprout,69,
53,146,Machop or Barboach,,
53,147,Pikachu,25,1
53,151,Commons,0,
53,158,Duskull,355,1
53,159,Rhyhorn,111,
53,164,Pikachu,25,1
53,199,Spoink,325,
53,168,Squirtle,7,
53,169,Krabby,98,1
53,171,Torchic,255,
53,176,Gastly,92,
53,187,Onix,95,
53,188,Magmar,126,
53,189,Snubull,,1
53,192,Luvdisc,370,1
53,196,Sneasel,215,1
53,197,Aipom,190,
53,202,Barboach,339,
53,204,Slugma,218,
53,210,Mudkip,258,
53,209,Poocheyna,,1
53,212,Natu,177,1
53,215,Goldeen,118,1
53,249,Pinsir,127,1
53,224,Carvanha,318,
53,226,Psyduck,54,
53,229,Water Biome,,1
53,231,Omanyte,138,
53,234,Poliwag,60,1
53,239,Jigglypuff,39,
53,240,Bulbasaur,1,
53,243,Geodude,74,
53,245,Bulbasaur,1,
53,248,Electricke,,
54,3,Makuhita,296,
54,5,Voltorb,100,
54,6,Houndour,228,
54,7,Magmar,126,1
54,8,üê≥,,1
54,9,Eggs,,
54,11,Water Biome,,1
54,12,Shuckle,213,
54,15,Machop,66,
54,17,Staryu,120,1
54,27,Seel,86,1
54,34,Spoink,325,1
54,28,Corphish,341,
54,30,Meowth,52,1
54,120,Goldeen,118,
54,32,Shellder,90,1
54,38,Cyndaquil,155,1
54,39,Quilfish,,1
54,44,Clefairy,35,
54,45,Wobbuffet,202,1
54,46,Pikachu & Wingull,,1
54,53,Wooper,194,
54,55,Water Biome,,1
54,56,Seedot,273,
54,63,Goldeen,118,1
54,65,Growlithe,58,
54,66,Shuppet,353,1
54,67,Snubull,,1
54,69,Voltorb,100,
54,72,Squirtle,7,1
54,75,Horsea,116,
54,76,Taillow,276,
54,78,Hoothoot,163,1
54,80,Vulpix,37,1
54,81,Magnemite,81,
54,82,Marill,183,
54,84,Swablu,333,1
54,85,Sentret,161,1
54,86,Charmander,4,1
54,88,Rhyhorn,111,1
54,96,Onix,95,1
54,97,Baltoy,343,
54,99,Meowth,52,1
54,100,Gulpin,316,
54,101,Water Biome,,1
54,103,Rhyhorn,111,
54,107,Misdreavus,200,
54,109,Marrill,,1
54,117,Yanma,193,1
54,122,üê≥,,
54,126,Voltorb,100,
54,133,Spheal,363,1
54,136,Seedot,273,
54,141,Kabuto,140,
54,146,Yanma,193,1
54,147,Slugma,218,
54,154,Karp,,
54,163,Voltorb,100,
54,164,Spoink,325,
54,161,Girafarig,203,
54,168,Aipom,190,
54,169,Growlithe,58,1
54,171,Houndour,228,
54,173,Poliwag,60,
54,170,Houndour,228,1
54,186,Cubone,104,
54,189,Sentret,161,1
54,190,Chikorita,152,1
54,192,Snubbull,209,
54,193,Corpish,,
54,194,Pinsir,127,
54,196,Barboach,339,
54,197,Teddiursa,216,
54,198,Diglett,50,1
54,202,üê≥,,1
54,204,Marrill,,
54,206,Sneasel,215,
54,209,Weedle,13,
54,212,Swinub,220,1
54,215,Psuduck,,
54,216,Doduo,84,
54,226,Bellsprout,69,
54,229,Water Biome,,1
54,231,üê≥,,
54,232,üê≥,,1
54,234,Skitty,300,1
54,235,Magmar,126,
54,238,Poocheyna,,
54,239,Goldeen,118,
54,245,Ponyta & Houndour,,
54,248,Cubone,104,1
54,249,Shellder,90,
55,6,Duskull,355,
55,8,Pidgey,16,
55,11,Water Biome,,1
55,13,Slugma,218,1
55,17,Weedle,13,1
55,18,Pinsir,127,
55,23,Sandshrew,27,
55,30,Wurmple,265,
55,31,Wingull,278,1
55,32,Clefairy,35,
55,38,Magnemite,81,1
55,41,Girafarig,203,
55,44,Gastly,92,
55,45,Voltorb,100,1
55,46,Slugma/Magnemite,,
55,51,Quilfish,,
55,55,Water Biome,,1
55,56,Squirtle?,,
55,1,Clefairy,35,
55,66,Magnemite,81,1
55,72,Diglett,50,1
55,74,Sneasel,215,
55,75,üêÄ,,
55,76,Swablu,333,1
55,78,Rhyhorn,111,1
55,80,Staryu,120,
55,84,Mudkip,258,
55,87,Torchic,255,
55,92,Pinsir,127,1
55,94,Jigglypuff,39,
55,96,Dunsparce,206,1
55,97,Slugma,218,1
55,99,Pikachu,25,1
55,100,Treeko,,1
55,101,Water Biome,,1
55,105,Shroomish,285,
55,109,Mudkip,258,1
55,110,Torchic,255,
55,112,Charmander,4,
55,115,Wobbuffet,202,
55,117,Spearow,21,
55,122,Aipom,190,
55,126,Voltorb,100,
55,128,Aipom,190,
55,136,Staryu,120,
55,141,Onix,95,1
55,163,Kabuto,140,
55,169,Zigazigazigazigazigazig-ah,,
55,171,Wobbuffet,202,
55,175,Sandshrew,27,
55,178,Bulbasaur,1,
55,180,Magmar,126,
55,181,Sandshrew,27,
55,182,Nosepass,299,1
55,189,Skitty,300,
55,192,Wooper,194,
55,196,Psyduck,54,
55,198,Duskull,355,1
55,199,Pinsir,127,
55,201,Aaron,,
55,202,Doduo,84,
55,204,Growlithe,58,
55,206,Wobbuffet,202,
55,209,Shellder,90,1
55,212,Sneasel,215,1
55,215,Girafarig,203,1
55,216,Slugma,218,
55,217,Diglett,50,
55,221,Abra,63,
55,225,Luvdisc,370,
55,229,Water Biome,,1
55,231,Meditite,307,1
55,232,Sentret,161,
55,234,Natu,177,1
55,243,Rhyhorn,111,
55,238,Treeko,,
55,245,Wobbuffet,202,
55,249,Dunsparce,206,1
56,11,Water Biome,,1
56,12,Exeggcute,102,
56,14,Numel,322,
56,27,Crawdunt,,
56,28,Weedle,13,
56,30,Houndour,228,
56,32,Staryu,120,1
56,35,Meowth,52,
56,37,Pikachu,25,
56,38,Wooper,194,1
56,45,Cyndaquill,,1
56,46,Whismur,293,
56,49,Pinsir,127,1
56,51,Nosepass,299,
56,53,Hoppip,187,
56,55,Water Biome,,1
56,56,Pinsir,127,1
56,63,Krabby,98,1
56,65,Clefairy/Walimer?,,
56,66,Spheal,363,
56,67,Slugma,218,
56,69,Treeko,,
56,70,Machop,66,
56,72,Oddish,43,
56,74,üëªShuppet,,
56,75,Makuhita,296,
56,76,Corphish,341,
56,78,Karp,,1
56,79,Zigazoon,,
56,80,Meditite,307,
56,81,Vulpix,37,
56,82,Shroomish,285,
56,85,ü¶í,,
56,87,Sneasel,215,
56,88,Clefairy,35,1
56,94,Shroomish,285,
56,96,Weedle,13,1
56,100,Whismur,293,1
56,101,Nosepass,299,1
56,105,Drowzee,96,1
56,107,Shuckle,213,
56,109,Mudkip,258,1
56,117,Chikorita,152,1
56,122,üëªGastly,,1
56,128,Pinsir,127,1
56,133,Kabuto,140,1
56,134,Magmar,126,1
56,136,Meditite,307,
56,140,Charmander,4,
56,141,Scyther,123,1
56,146,Drowzee,96,1
56,149,Charmander,4,
56,153,Whismer,,
56,163,Diglett,50,1
56,164,Seedot,273,1
56,168,Ekans,23,
56,169,Aipom,190,
56,171,My Little Ponyta,,1
56,172,Geodude,74,
56,173,Seedot,273,
56,182,Sunkern,191,
56,189,Clefairy,35,1
56,190,Mudkip,258,
56,192,Weedle,13,
56,196,Hoothoot,163,1
56,197,Scyther,123,1
56,198,Swinub,220,
56,202,Treeko,,
56,204,Spearow,21,
56,209,Doduo,84,1
56,212,Wingull,278,1
56,214,Totodile,158,
56,215,Spoink,325,1
56,229,Water Biome,,1
56,232,Spoink,325,1
56,234,Ekans,23,1
56,237,Pikachu,25,1
56,238,Omanyte,138,1
56,239,Oddish,43,
56,248,Vulpix,37,1
56,249,ü¶í,,1
57,8,Nosepass,299,1
57,9,Magikarp,129,1
57,11,Water Biome,,1
57,13,Swablu,333,1
57,12,Rhyhorn,111,
57,15,Luvdisc,370,
57,17,Chikorita,152,1
57,19,Wobbuffet,202,
57,21,Onix,95,1
57,27,Carvanha,318,
57,28,Totodile,158,1
57,30,Bulbasaur,1,1
57,31,Torchic,255,1
57,32,Shroomish,285,1
57,35,Pinsir,127,1
57,37,Rhyhorn,111,1
57,38,Makuhita,296,1
57,44,Scyther,123,
57,45,Whismur,293,
57,46,üëªShuppet,,
57,49,Oddish,43,
57,50,Jynx,124,
57,51,Girafarig,203,1
57,53,Nidoran ‚ôÄÔ∏è,,
57,54,Luvdisc,370,1
57,55,Water Biome,,1
57,56,Torchic,255,
57,59,Marill,183,1
57,63,Cyndaquil,155,1
57,65,Vulpix,37,
57,66,Chinchou,170,1
57,72,Horsea,116,1
57,75,Barboach,339,
57,76,Pinsir,127,
57,77,Shuckle,213,1
57,78,üëªDuskull,,1
57,79,Houndour,228,
57,85,Torchic,255,1
57,88,Seel,86,
57,94,Houndour,228,1
57,96,Nidoran ‚ôÄÔ∏è,,1
57,97,Slugma,218,
57,99,Ekans,23,1
57,100,Yanma,193,1
57,101,Spearow,21,1
57,107,Electabuzz,125,1
57,109,Wurmple,265,1
57,254,Eevee,133,
57,113,Ponyta,77,
57,115,Slowpoke,79,
57,117,Yanma,193,1
57,118,Omanyte,138,
57,122,Teddiursa,216,
57,123,Seedot,273,
57,126,Magmar,126,
57,133,Poochyena,261,
57,134,Remoraid,223,
57,136,Poochyena,261,
57,141,Meowth,52,1
57,162,Dunsparce,206,
57,164,Zubat,41,
57,168,Slugma,218,
57,169,Hopip,,
57,170,Geodude,74,1
57,171,Wingull,278,
57,174,Onix,95,1
57,182,üëªDuskull,,1
57,189,Cyndaquil,155,1
57,190,Torchic,255,1
57,192,Magikarp,129,1
57,193,Caterpie,10,
57,194,Sneasel,215,
57,196,üëªShuppet,,1
57,197,Swinub,220,1
57,198,Zigzagoon,263,
57,204,Squirtle,7,1
57,205,Nosepass,299,
57,209,Slugma,218,1
57,212,Spearow,21,
57,215,Staryu,120,1
57,216,Chikorita,152,
57,229,Water Biome,,1
57,231,Snubull,,1
57,232,Spinarak,167,
57,234,Horsea,116,1
57,238,Shellder,90,1
57,249,Treecko,252,1
57,102,Water Biome,,1
56,102,Water Biome,,1
55,102,Water Biome,,1
58,11,Water Biome,,1
58,102,Water Biome,,1
58,229,Water Biome,,1
57,150,Pikachu,25,1
58,31,Skitty,300,1
58,85,Jynx,124,1
58,78,Zubat,41,1
58,190,Purple Nidoran,,
58,189,Gulpin,316,1
58,72,Magikarp,129,1
58,45,Numel,322,1
58,66,Wobbuffet,202,1
58,255,Girafarig,203,1
58,204,Pinsir,127,
58,209,Aipom,190,1
58,192,Rhyhorn,111,
58,101,Poliwag,60,1
58,96,Pinsir,127,1
58,84,Baltoy,343,
58,238,Rhyhorn,111,1
58,170,Chikorita,152,1
58,234,Exeggcute,102,1
58,30,Numel,322,1
58,28,Electabuzz,125,1
58,56,Pinsir,127,
58,19,Duskull,355,
58,212,Scyther,123,
58,141,Slowpoke,79,
58,109,Surskit,283,1
58,32,Poochyena,261,1
58,38,Yanma,193,1
58,175,Cubone,104,1
58,67,Natu,177,
58,77,Misdreavus,200,
58,164,Sentret,161,
58,117,Wingull,278,
58,65,Houndour,228,1
58,180,Torchic,255,1
58,99,Sneasel,215,1
58,133,Shuckle,213,
58,248,Slowpoke,79,
58,55,Geodude,74,
58,81,Cubone,104,
58,198,Seel,86,
58,257,Commons,0,
58,46,Jynx,124,
58,47,Oddish,43,1
58,41,Torchic,255,1
58,146,Electabuzz,125,1
58,208,Wingull,278,1
58,171,Abra,63,1
58,86,Sunkern,191,1
58,226,Staryu,120,1
58,113,Gastly,92,
58,182,Diglett,50,
58,118,Sandshrew,27,
58,44,Commons,0,
58,7,Scyther,123,1
58,58,Duskull,355,
58,82,Shuckle,213,
58,8,Voltorb,100,1
58,173,Horsea,116,1
58,249,Walimer,,1
58,63,Geodude,74,1
58,239,Dunsparce,206,
58,194,Tentacool,72,
58,258,Cubone,104,
58,76,Bulbasaur,1,1
58,215,Duskull,355,1
58,196,Ledyba,165,
58,186,Swablu,333,
58,169,Magnemite,81,
58,94,Diglett,50,
58,185,Girafarig,203,
58,176,Nosepass/Numel,,
58,51,Pinsir,127,
58,21,Scyther,123,
58,100,Eevee,133,
58,27,Sandshrew,27,
58,116,Squirtle,7,
58,124,Houndour,228,
58,231,Dunsparce,206,1
58,259,Geodude,74,
58,147,Drowzee,96,
58,136,Machop,66,
58,260,Sandshrew,27,
58,163,Hoppip,187,
58,9,Onix,95,
58,261,Meowth,52,
58,34,Slugma,218,
58,97,Spheal,363,
58,74,Diglett,50,
58,197,Treeko,,
58,206,Shellder,90,
58,166,Shuckle,213,
58,245,Pinsir,127,
58,50,Quilfish,,1
58,183,Remoraid,223,1
58,75,Bublasaur,,1
58,262,Spoink,325,
58,205,Pikachu,25,
58,250,Cyndaquil,155,
58,17,Voltorb,100,
58,150,Treecko,252,
59,11,Water Biome,,1
59,102,Water Biome,,1
59,229,Water Biome,,1
59,259,Water Biome,,1
59,63,Nosepass,299,1
59,249,Sandshrew,27,1
59,164,Sneasel,215,1
59,117,Wobbuffet,202,
59,32,Wurmple,265,1
59,209,Magikarp,129,1
59,100,Luvdisc,370,1
59,192,Cubone,104,1
59,84,Surskit,283,
59,47,Luvdisc,370,
59,189,Corphish,341,1
59,75,Totodile,158,1
59,55,Baltoy,343,1
59,196,Numel,322,1
59,190,Nidoran‚ôÇ,32,
59,58,Wobbuffet,202,
59,27,Totodile,158,1
59,204,Meowth,52,1
59,182,Luvdisc,370,
59,205,Kabuto,140,
59,65,Quilfish,,1
59,67,Squirtle,7,1
59,85,Ekans,23,1
59,263,Clefairy,35,1
59,72,Meditite,307,1
59,76,Cubone,104,
59,78,Weedle,13,
59,2,Pinsir,127,
59,238,Cubone,104,
59,170,Krabby,98,1
59,17,Omanyte,138,
59,8,Spheal,363,
59,49,Mankey,56,1
59,241,Abra,63,
59,35,Natu,177,
59,187,Meditite,307,
59,13,Bellsprout,69,
59,264,Wingull,278,
59,133,Shroomish,285,
59,83,Pinsir,127,
59,234,Zubat,41,1
59,122,Ponyta,77,
59,45,Jigglypuff,39,
59,128,Geodude,74,
59,245,Magnemite,81,
59,66,Cyndaquil,155,1
59,212,Corphish,341,1
59,266,Carvanha,318,
59,136,Gulpin,316,1
59,109,Hoothoot,163,1
59,81,Luvdisc,370,1
59,173,Duskull,355,1
59,31,Ponyta,77,1
59,184,Aron,304,
59,9,Skitty,300,
59,53,Cubone,104,1
59,30,Shroomish,285,
59,99,Growlithe,58,1
59,21,Slugma,218,
59,44,Slowpoke,79,
59,201,Treecko,252,
59,188,Growlithe,58,
59,43,Staryu,120,
59,92,Electabuzz,125,
59,38,Scyther,123,
59,221,Schuckle,,
59,94,Luvdisc,370,
59,96,Vulpix,37,1
59,216,Eevee,133,1
59,141,Eevee,133,1
59,91,Goldeen,118,
59,147,Electrike,309,
59,175,Cubone,104,
59,86,Natu,177,
59,267,Magnemite,81,
59,268,Pikachu,25,
59,262,Spinarak,167,
59,270,Voltorb,100,
59,39,Seel,86,
59,146,Nidoran‚ôÇ,32,
59,74,Electabuzz,125,
59,144,Ekans,23,
59,143,Scyther,123,
59,10,Omanyte,138,
59,218,Aron,304,
59,64,Whismur,293,
59,271,Electabuzz,125,
59,274,Remoraid,223,
59,69,Goldeen,118,
59,215,Poochenya,,1
59,34,Mankey,56,
59,197,Spinarak,167,1
59,275,Machop,66,1
59,276,Sandshrew,27,
59,150,Tentacool,72,
59,50,Diglett,50,
59,217,Cyndaquil,155,
59,277,Pinsir,127,
59,145,Slowpoke,79,
59,278,Omanyte,138,
59,12,Scyther,123,1
59,202,Nidoran‚ôÇ,32,
59,257,Houndour,228,
59,56,Jynx,124,
59,162,Exeggcute,102,
59,104,Magmar,126,
59,169,Teddiursa,216,1
59,256,Sunkern,191,
59,142,Pinsir,127,
59,129,Makuhita,296,
59,248,Bulbasaur,1,1
59,113,Nosepass,299,1
59,239,Staryu,120,1
59,279,Ponyta,77,1
60,11,Water Biome,,1
60,102,Water Biome,,1
60,229,Water Biome,,1
60,259,Water Biome,,1
60,66,Meowth,52,1
60,94,Cubone,104,
60,100,Misdreavus,200,
60,280,Spoink,325,
60,32,Caterpie,10,
60,96,Wooper,194,1
60,78,Weedle,13,1
60,128,Electrike,309,
60,141,Onix,95,1
60,182,Wingull,278,
60,209,Qwilfish,211,1
60,189,Jigglypuff,39,
60,109,Horsea,116,1
60,104,Voltorb,100,
60,55,Diglett,50,1
60,204,Krabby,98,1
60,21,Mudkip,258,1
60,163,Scyther,123,1
60,147,Snubbull,209,
60,202,Magmar,126,
60,67,Corphish,341,
60,31,Ponyta,77,1
60,206,Squirtle,7,1
60,53,Pikachu,25,1
60,281,Water Biome,,
60,38,Magmar,126,1
60,277,Snubbull,209,
60,221,Cubone,104,
60,77,Cyndaquil,155,
60,9,Swablu,333,
60,51,Bulbasaur,1,1
60,84,Venonat,48,
60,173,Meditite,307,1
60,47,Poochyena,261,
60,82,Growlithe,58,1
60,169,Nosepass,299,1
60,8,Sneasel,215,1
60,17,Seel,86,1
60,283,Geodude,74,
60,76,Electrike,309,1
60,45,Shuckle,213,1
60,216,Charmander,4,1
60,101,Magmar,126,1
60,214,Goldeen,118,
60,201,Growlithe,58,1
60,193,Shroomish,285,
60,188,Spoink,325,
60,23,Voltorb,100,
60,63,Wailmer,320,1
60,249,Shuppet,353,
60,248,Seel,86,1
60,27,Drowzee,96,
60,239,Magmar,126,1
60,212,Rattata,19,1
60,39,Bulbasaur,1,
60,133,Bulbasaur,1,1
60,136,Geodude,74,
60,41,Mankey,56,
60,34,Clefairy,35,
60,5,Poliwag,60,1
60,107,Charmander,4,
60,56,Voltorb,100,
60,254,Torchic,255,
60,238,Cubone,104,1
60,120,Scyther,123,
60,205,Diglett,50,
60,234,Sentret,161,1
60,30,Gulpin,316,
60,245,Vulpix,37,
60,43,Torchic,255,1
60,284,Sneasel,215,
60,198,Weedle,13,
60,265,Pikachu,25,1
60,146,Tentacool,72,
60,65,Zubat,41,
60,175,Magnemite,81,1
60,19,Cubone,104,
60,49,Teddiursa,216,1
60,168,Seel,86,
60,196,Houndour,228,
60,285,Voltorb,100,
60,192,Onix,95,
60,286,Misdreavus,200,1
60,91,Luvdisc,370,
60,287,Kabuto,140,
60,263,Shuckle,213,
60,97,Chinchou,170,
60,60,Onix,95,
60,164,Misdreavus,200,1
60,242,Ponyta,77,
60,123,Magikarp,129,1
60,170,Aron,304,
60,264,Carvanha,318,
60,187,Omanyte,138,
60,35,Rattata,19,
60,13,Zigzagoon,263,
60,12,Shroomish,285,
60,117,Spheal,363,
60,44,Zigzagoon,263,
60,236,Meditite,307,
60,88,Gulpin,316,
60,243,Luvdisc,370,
60,74,Staryu,120,
60,81,Spearow,21,
60,86,Goldeen,118,
60,72,Snubbull,209,
60,85,Teddiursa,216,
60,80,Carvanha,318,
60,290,Wobuffet,,1
59,290,Rhyhorn,111,1
61,11,Water Biome,,1
61,102,Water Biome,,1
61,229,Water Biome,,1
61,259,Water Biome,,1
61,63,Magmar,126,1
61,2,Barboach,339,
61,72,Numel,322,1
61,187,Wailmer,320,
61,164,Geodude,74,1
61,204,Shuppet,353,1
61,209,Torchic,255,1
61,285,Seel,86,1
61,245,Seel,86,1
61,32,Ponyta,77,1
61,45,Poochyena,261,1
61,234,Nosepass,299,1
61,189,Barboach,339,1
61,96,Wingull,278,1
61,28,Jynx,124,
61,100,Chikorita,152,1
61,136,Luvdisc,370,
61,173,Luvdisc,370,
61,31,Slugma,218,1
61,238,Charmander,4,1
61,91,Magnemite,81,
61,287,Staryu,120,
61,216,Scyther,123,1
61,170,Barboach,339,1
61,67,Bulbasaur,1,1
61,38,Misdreavus,200,
61,101,Chinchou,170,
61,82,Shuckle,213,1
61,78,Pinsir,127,1
61,192,Venonat,48,
61,196,Jigglypuff,39,1
61,109,Sentret,161,
61,84,Jynx,124,1
61,34,Magnemite,81,1
61,205,Onix,95,
61,65,Pinsir,127,1
61,76,Machop,66,
61,190,Meowth,52,1
61,35,Squritle,,
61,166,Shuppet,353,
61,39,Skitty,300,
61,248,Qwilfish,211,1
61,85,Taillow,276,
61,226,Shellder,90,1
61,56,Luvdisc,370,
61,19,Dunsparce,206,
61,291,Ponyta,77,
61,184,Onix,95,1
61,55,Rhyhorn,111,
61,221,Mankey,56,
61,49,Qwilfish,211,
61,13,Gastly,92,1
61,77,Spoink,325,1
61,66,Hoppip,187,1
61,208,Drowzee,96,
61,199,Ekans,23,1
61,292,Luvdisc,370,
61,53,Sentret,161,
61,27,Qwilfish,211,1
61,47,Ekans,23,1
61,197,Makuhita,296,
61,227,Geodude,74,
61,93,Houndour,228,
61,88,Snubbull,209,
61,254,Ledyba,165,
61,239,Carvanha,318,
61,69,Pikachu,25,1
61,249,Mudkip,258,1
61,99,Sandshrew,27,
61,215,Sandshrew,27,1
61,30,Bulbasaur,1,1
61,94,Goldeen,118,1
61,125,Diglett,50,
61,212,Misdreavus,200,
61,163,Girafarig,203,1
61,147,Luvdisc,370,1
61,280,Staryu,120,
61,263,Machop,66,1
61,293,Growlithe,58,
61,141,Exeggcute,102,1
61,168,Electrike,309,
61,8,Torchic,255,1
61,296,Clefairy,35,1
61,295,Growlithe,58,
61,43,Machop,66,1
61,81,Natu,177,
61,297,Pikachu,25,
61,146,Ponyta,77,1
61,17,Wailmer,320,
61,123,Bulbasaur,1,1
61,86,Marill,183,
61,298,Seel,86,1
61,9,Luvdisc,370,
61,105,Barboach,339,
61,74,Shuckle,213,
61,175,Ekans,23,1
61,169,Barboach,339,
61,139,Baltoy,343,
61,214,Shuckle,213,
61,247,Ponyta,77,
62,11,Water Biome,,1
62,102,Water Biome,,1
62,229,Water Biome,,1
62,259,Water Biome,,1
62,42,Luvdisc,370,
62,63,Staryu,120,1
62,265,Magnemite,81,
62,32,Bellsprout,69,
62,136,Luvdisc,370,
62,196,Vulpix,37,1
62,45,Mudkip,258,1
62,216,Rhyhorn,111,
62,205,Seel,86,
62,49,Shuckle,213,1
62,198,Kabuto,140,1
62,173,Luvdisc,370,
62,17,Numel,322,
62,299,Machop,66,
62,209,Torchic,255,
62,78,Staryu,120,1
62,100,Pinsir,127,
62,204,Anorith,347,1
62,66,Aipom,190,1
62,189,Corphish,341,1
62,84,Horsea,116,
62,169,Baltoy,343,
62,188,Carvanha,318,
62,38,Girafarig,203,1
62,85,Surskit,283,
62,109,Omanyte,138,
62,96,Shroomish,285,1
62,76,Growlithe,58,1
62,243,Shellder,90,
62,184,Koffing,109,
62,192,Jynx,124,
62,234,Sableye,302,
62,13,Doduo,84,
62,242,Squirtle,7,
62,248,Sneasel,215,1
62,133,Mankey,56,
62,46,Torchic,255,
62,81,Totodile,158,1
62,31,Mantine,226,1
62,237,Ekans,23,1
62,239,Wailmer,320,
62,101,Totodile,158,
62,285,Slowpoke,79,
62,88,Qwilfish,211,
62,300,Wobbuffet,202,
62,197,Sableye,302,
62,72,Spoink,325,
62,301,Onix,95,
62,65,Scyther,123,
62,164,Machop,66,1
62,123,Bulbasaur,1,
62,249,Mudkip,258,
62,3,Kabuto,140,
62,238,Charmander,4,1
62,202,Phanpy,231,
63,11,Water Biome,,1
63,102,Water Biome,,1
63,229,Water Biome,,1
63,259,Water Biome,,1
63,189,Mantine,226,1
63,169,Shroomish,285,1
63,170,Lileep,345,1
63,238,Oddish,43,
63,45,Krabby,98,1
63,20,Girafarig,203,
63,190,Jigglypuff,39,
63,84,Pidgey,16,
63,215,Snubbull,209,
63,156,Duskull,355,
63,204,Carvanha,318,1
63,249,Corphish,341,1
63,136,Carvanha,318,1
63,196,Rhyhorn,111,
63,78,Staryu,120,1
63,67,Sudowoodo,185,1
63,47,Eevee,133,1
63,28,Torchic,255,
63,39,Yanma,193,
63,198,Shuppet,353,1
63,54,Mudkip,258,
63,27,Carvanha,318,
63,158,Phanpy,231,
63,209,Bulbasaur,1,1
63,146,Numel,322,
63,285,Bellsprout,69,
63,109,Tentacool,72,1
63,85,Snubbull,209,
63,173,Squirtle,7,1
63,234,Swinub,220,1
63,75,Goldeen,118,
63,290,Electabuzz,125,
63,96,Totodile,158,1
63,31,Pinsir,127,1
63,53,Sableye,302,
63,56,Scyther,123,
63,76,Dunsparce,206,1
63,38,Voltorb,100,1
63,254,Swinub,220,
63,88,Wobbuffet,202,
63,192,Poochyena,261,1
63,305,Stantler,234,
63,302,Lileep,345,
63,147,Shuppet,353,
63,307,Onix,95,
63,97,Abra,63,
63,72,Mudkip,258,1
63,125,Shroomish,285,
63,100,Krabby,98,
63,308,Plusle,311,
63,141,Pinsir,127,1
63,63,Qwilfish,211,1
63,19,Drowzee,96,
63,164,Spoink,325,1
63,123,Duskull,355,
63,32,Dunsparce,206,1
63,313,Shuckle,213,
63,103,Magmar,126,
63,30,Snubbull,209,
63,69,Sableye,302,1
63,3,Swinub,220,1
63,22,Pinsir,127,1
63,66,Swinub,220,1
63,241,Meditite,307,
63,49,Meditite,307,1
63,116,Growlithe,58,
63,180,Electabuzz,125,
63,314,Skarmory,227,
63,149,Plusle,311,1
63,101,Jynx,124,1
63,316,Mantine,226,1
63,194,Goldeen,118,
63,42,Squirtle,7,1
63,199,Totodile,158,1
63,81,Magnemite,81,
63,322,Water Biome,,
64,11,Water Biome,,1
64,102,Water Biome,,1
64,229,Water Biome,,1
64,259,Water Biome,,1
64,322,Water Biome,,1
64,63,Dunsparce,206,1
64,249,Barboach,339,1
64,119,Teddiursa,216,
64,189,Slugma,218,1
64,96,Natu,177,1
64,32,Girafarig,203,1
64,15,Mankey,56,
64,109,Slowpoke,79,1
64,124,Electabuzz,125,
64,196,Jynx,124,
64,295,Cubone,104,1
64,67,Marill,183,1
64,78,Magmar,126,1
64,234,Teddiursa,216,1
64,38,Rhyhorn,111,
64,45,Rhyhorn,111,1
64,209,Bulbasaur,1,
64,164,Spoink,325,1
64,132,Poochyena,261,
64,239,Cyndaquil,155,
64,56,Magikarp,129,
64,192,Zigzagoon,263,
64,258,Psyduck,54,
64,190,Zubat,41,
64,194,Electabuzz,125,
64,13,Poochyena,261,1
64,92,Girafarig,203,
64,85,Dunsparce,206,
64,30,Girafarig,203,
64,72,Poochyena,261,1
64,204,Gulpin,316,1
64,84,Rattata,19,
64,47,Totodile,158,
64,198,Shuppet,353,
64,3,Teddiursa,216,
64,169,Wingull,278,1
64,123,Spheal,363,
64,28,Torchic,255,
64,136,Gulpin,316,
64,100,Rhyhorn,111,
64,82,Mankey,56,
64,22,Chikorita,152,
64,8,Spoink,325,
64,323,Magmar,126,
64,97,Bellsprout,69,
64,173,Caterpie,10,
65,11,Water Biome,,1
65,102,Water Biome,,1
65,229,Water Biome,,1
65,259,Water Biome,,1
65,322,Water Biome,,1
65,78,Skitty,300,
65,209,Sandshrew,27,1
65,82,Drowzee,96,
65,189,Poliwag,60,1
65,109,Corphish,341,1
65,49,Yanma,193,1
65,76,Natu,177,
65,324,Nosepass,299,
65,234,Bellsprout,69,1
65,204,Chinchou,170,1
65,141,Poochyena,261,
65,66,Mudkip,258,1
65,238,Meditite,307,
65,27,Mankey,56,
65,190,Staryu,120,
64,205,Geodude,74,
64,60,Staryu,120,
64,65,Wailmer,320,
65,164,Hoppip,187,
65,247,Spheal,363,
65,117,Bellsprout,69,
65,12,Tentacool,72,
65,35,Pidgey,16,
65,185,Shuppet,353,
65,45,Staryu,120,1
65,75,Onix,95,1
65,182,Chikorita,152,
65,303,Drowzee,96,
65,149,Magikarp,129,
65,198,Sunkern,191,1
65,84,Misdreavus,200,1
65,173,Voltorb,100,1
65,56,Horsea,116,
65,38,Magnemite,81,1
65,67,Slugma,218,1
65,169,Girafarig,203,1
65,249,Tentacool,72,1
65,96,Nidoran‚ôÇ,32,1
65,196,Sandshrew,27,1
65,32,Wooper,194,
65,31,Wooper,194,
65,47,Natu,177,
65,46,Aipom,190,
65,133,Shuckle,213,1
65,197,Commons,0,
65,86,Torchic,255,1
65,212,Wobbuffet,202,
65,34,Skitty,300,
65,63,Caterpie,10,1
65,28,Venonat,48,
65,19,Magmar,126,
65,22,Vulpix,37,
65,323,Pinsir,127,
65,248,Teddiursa,216,
65,136,Abra,63,1
65,85,Chinchou,170,1
65,13,Treecko,252,1
65,79,Bulbasaur,1,1
65,216,Mudkip,258,
65,116,Qwilfish,211,
65,53,Bulbasaur,1,1
65,94,Yanma,193,
65,163,Wingull,278,
65,158,Wingull,278,
65,69,Ekans,23,
65,100,Electabuzz,125,
65,80,Hoothoot,163,
65,55,Totodile,158,
65,175,Numel,322,
65,239,Girafarig,203,
65,246,Seedot,273,
65,328,Shuckle,213,
65,37,Exeggcute,102,
65,285,Skitty,300,
65,72,Seel,86,
68,11,Water Biome,,1
68,102,Water Biome,,1
68,229,Water Biome,,1
68,259,Water Biome,,1
68,322,Water Biome,,1
68,63,Swablu,333,
68,209,Doduo,84,1
68,101,Snubbull,209,
68,329,Barboach,339,
68,204,Electrike,309,
68,78,Aipom,190,1
68,100,Phanpy,231,1
68,34,Makuhita,296,
68,198,Poochyena,261,1
68,21,Electrike,309,
68,85,Onix+Scyther,,1
68,196,Magnemite,81,
68,84,Machop,66,1
68,189,Swablu,333,1
68,56,Chikorita,152,
68,234,Snubbull,209,
68,136,Electrike,309,1
68,109,Turtwig,387,1
68,45,Kabuto,140,
68,285,Nosepass,299,1
68,74,Voltorb,100,1
68,76,Charmander,4,1
68,173,Poliwag,60,
68,96,Swablu,333,1
68,182,Magmar,126,
68,206,Charmander,4,
68,148,Magmar,126,
68,330,Poochyena,261,
68,181,Commons,0,
68,38,Phanpy,231,
68,117,Pinsir,127,
68,164,Chikorita,152,
68,247,Spheal,363,
68,13,Wingull,278,
68,35,Commons,0,
68,49,Yanma,193,
68,72,Machop,66,1
68,10,Omanyte,138,
68,47,Lileep,345,1
68,147,Tentacool,72,
68,39,Commons,0,
68,201,Commons,0,
68,125,Spoink,325,
68,237,Shuckle,213,
68,32,Bulbasaur,1,
68,158,Pikachu,25,1
68,81,Kabuto,140,
68,245,Stantler,234,
68,169,Pikachu,25,
69,11,Water Biome,,1
69,102,Water Biome,,1
69,229,Water Biome,,1
69,259,Water Biome,,1
69,322,Water Biome,,1
69,109,Luvdisc,370,1
69,169,Weedle,13,
69,182,Onix,95,1
69,78,Omanyte,138,1
69,189,Gulpin,316,1
69,67,Wobbuffet,202,1
69,85,Abra,63,
69,38,Wobbuffet,202,1
69,76,Charmander,4,1
69,100,Wobbuffet,202,
69,209,Meowth,52,1
69,96,Carvanha,318,1
69,234,Ledyba,165,1
69,84,Zubat,41,1
69,45,Goldeen,118,1
69,204,Surskit,283,
69,320,Luvdisc,370,
69,193,Cubone,104,
69,133,Diglett,50,
69,122,Magmar,126,
69,136,Surskit,283,
69,80,Wingull,278,
69,7,probably not Squirtle,,
69,196,Venonat,48,1
69,103,Bidoof,399,
69,238,Pinsir,127,1
69,216,Torchic,255,
69,141,Swinub,220,
69,249,Magnemite,81,1
69,125,Krabby,98,
69,47,Swablu,333,
69,198,Teddiursa,216,
69,163,Squirtle,7,
69,69,Qwilfish,211,
69,63,Carvanha,318,1
69,239,Chikorita,152,
69,9,Machop,66,
69,56,Snubbull,209,
69,79,Voltorb,100,
69,14,Carvanha,318,
69,170,Piplup,393,
69,92,Drowzee,96,
69,302,Squirtle,7,
69,192,Mankey,56,
69,190,Skarmory,227,
69,37,Onix,95,
71,11,Water Biome,,1
71,102,Water Biome,,1
71,229,Water Biome,,1
71,259,Water Biome,,1
71,322,Water Biome,,1
71,265,Corphish,341,1
71,332,Seedot,273,
71,164,Tentacool,72,1
70,32,Staryu,120,
71,189,Yanma,193,1
71,38,Cubone,104,
71,132,Chimchar,390,
71,67,Swinub,220,1
71,66,Spoink,325,
71,196,Corphish,341,
71,100,Stantler,234,
71,53,Torchic,255,
71,45,Totodile,158,1
71,204,Poochyena,261,1
71,333,Corphish,341,
71,198,Sudowoodo,185,1
71,109,Sudowoodo,185,1
71,101,Bulbasaur,1,1
71,209,Mudkip,258,1
71,63,Shellder,90,
71,249,Torchic,255,
71,248,Corphish,341,1
71,78,Poochyena,261,1
71,212,Torchic,255,
71,173,Shellder,90,
71,206,Tentacool,72,
71,84,Oddish,43,
71,88,Machop,66,
71,32,Chikorita,152,
71,169,Dunsparce,206,
71,170,Magmar,126,1
71,99,Kabuto,140,1
71,199,Magmar,126,1
71,133,Seel,86,
71,237,Kabuto,140,
71,239,Pikachu,25,
71,234,Skitty,300,
71,30,Baltoy,343,
71,141,Jynx,124,
71,192,Jynx,124,
71,243,Shuckle,213,
71,37,Shuckle,213,
71,238,Magnemite,81,
71,17,Voltorb,100,
71,122,Magikarp,129,
71,136,Oddish,43,
71,236,Meditite,307,
71,94,Charmander,4,
71,8,Duskull,355,
71,194,Scyther,123,
71,166,Tentacool,72,
71,81,Scyther,123,1
71,305,Sableye,302,
71,86,Baltoy,343,
71,7,Doduo,84,
71,34,Squirtle,7,
71,197,Poliwag,60,
71,65,Aipom,190,
71,85,Plusle,311,
72,11,Water Biome,,1
72,102,Water Biome,,1
72,229,Water Biome,,1
72,259,Water Biome,,1
72,322,Water Biome,,1
72,78,Wingull,278,
72,189,Shuckle,213,1
72,38,Spoink,325,1
72,84,Vulpix,37,1
72,94,Mudkip,258,
72,51,Bidoof,399,
72,109,Voltorb,100,1
72,116,Growlithe,58,
72,45,Eevee,133,1
72,249,Chikorita,152,1
72,333,Gulpin,316,
72,265,Commons,0,
72,196,Phanpy,231,1
72,32,Wobbuffet,202,
72,204,Charmander,4,1
72,173,Electabuzz,125,1
72,234,Skitty,300,1
72,63,Bulbasaur,1,1
71,334,Onix,95,
72,101,Omanyte,138,
72,185,Shellder,90,
72,290,Onix,95,1
72,198,Shellder,90,1
72,55,Girafarig,203,1
72,190,Aipom,190,
72,39,Omanyte,138,
72,215,Skarmory,227,1
72,248,Skitty,300,1
72,166,Duskull,355,
72,335,Onix,95,
72,125,Surskit,283,
72,17,Doduo,84,1
72,67,Phanpy,231,1
72,85,Shroomish,285,1
72,30,Spoink,325,1
72,76,Charmander,4,
72,209,Shroomish,285,
72,252,Girafarig,203,
72,72,Girafarig,203,
72,65,Scyther,123,1
72,163,Stantler,234,
72,212,Nosepass,299,
71,41,Chikorita,152,
72,53,Seel,86,
72,56,Electabuzz,125,
72,19,Mantine,226,
72,336,Qwilfish,211,1
72,47,Charmander,4,1
72,169,Scyther,123,
72,205,Phanpy,231,
72,66,Girafarig,203,
72,136,Luvdisc,370,
72,146,Duskull,355,
72,13,Skitty,300,1
72,31,Treecko,252,1
72,117,Carvanha,318,1
72,44,Sudowoodo,185,
72,92,Luvdisc,370,
72,15,Tentacool,72,
72,41,Meditite,307,
72,86,Seedot,273,
72,264,Duskull,355,1
72,137,Scyther,123,
72,174,Shuckle,213,
73,11,Water Biome,,1
73,102,Water Biome,,1
73,229,Water Biome,,1
73,259,Water Biome,,1
73,322,Water Biome,,1
73,204,Luvdisc,370,1
73,109,Corphish,341,1
73,45,Luvdisc,370,1
73,63,Chinchou,170,1
73,206,Wobbuffet,202,
73,87,Magikarp,129,
73,84,Aipom,190,1
73,47,Abra,63,
73,28,Baltoy,343,
73,189,Shuckle,213,
73,190,Surskit,283,
73,234,Seedot,273,1
73,72,Bulbasaur,1,
73,53,Chikorita,152,
73,78,Wailmer,320,1
73,32,Dunsparce,206,1
73,60,Piplup,393,1
73,209,Chikorita,152,1
73,71,Stantler,234,
73,169,Horsea,116,1
73,214,Chikorita,152,
73,264,Piplup,393,
73,133,Torchic,255,1
73,100,Vulpix,37,
73,38,Wingull,278,1
73,173,Carvanha,318,1
73,186,Lileep,345,1
73,235,Piplup,393,
73,136,Psyduck,54,1
73,31,Carvanha,318,
73,120,Piplup,393,
73,88,Skitty,300,
73,34,Skitty,300,
73,163,bakuto,,
73,39,Omanyte,138,1
73,101,Gastly,92,1
73,132,Cyndaquil,155,
73,58,Numel,322,
73,74,Onix,95,1
73,56,Onix,95,
73,76,Wobbuffet,202,1
73,198,Swablu,333,
73,242,Snubbull,209,
73,15,Chinchou,170,
73,94,Doduo,84,1
73,146,Rhyhorn,111,1
73,66,Seedot,273,
73,196,Squirtle,7,
73,67,Magnemite,81,1
73,85,Plusle,311,1
73,30,Growlithe,58,1
73,96,Tentacool,72,
73,99,Duskull,355,
73,249,Poliwag,60,1
73,13,Duskull,355,1
73,340,Stantler,234,
73,339,Anorith,347,
73,175,CLOSED,,
73,309,Girafarig,203,
73,212,Stantler,234,
73,44,Cubone,104,1
73,215,Wingull,278,
73,164,Chinchou,170,
73,116,Oddish,43,
73,182,Lileep,345,
73,239,Plusle,311,
73,49,Girafarig,203,
73,37,Phanpy,231,1
73,77,Wingull,278,
73,333,Luvdisc,370,
73,265,Buneary,427,
74,11,Water Biome,,1
74,102,Water Biome,,1
74,229,Water Biome,,1
74,259,Water Biome,,1
74,322,Water Biome,,1
74,32,Pinsir,127,1
74,189,Jynx,124,1
74,118,Lileep,345,
74,249,Lileep,345,1
74,67,Poochyena,261,
74,38,Skarmory,227,1
74,79,Rock Crazy!,,
74,54,Rock Crazy!,,
74,78,Pinsir,127,1
74,47,Shroomish,285,
74,28,Wingull,278,1
74,169,Cubone,104,1
74,238,Magmar,126,1
74,234,Shuppet,353,1
74,198,Magmar,126,1
74,209,Chinchou,170,1
74,202,Jynx,124,
74,190,Jynx,124,1
74,31,Shuppet,353,1
74,53,Scyther,123,1
74,136,Sneasel,215,
74,84,Skitty,300,
74,204,Wingull,278,1
74,168,Vulpix,37,
74,164,Jynx,124,
74,63,Mudkip,258,1
74,242,Phanpy,231,
74,117,Natu,177,
74,13,Scyther,123,1
74,85,Dunsparce,206,1
74,132,Tentacool,72,
74,22,Phanpy,231,
74,45,Chikorita,152,1
74,17,Lileep,345,1
74,72,Dunsparce,206,
74,154,Surskit,283,
74,97,Makuhita,296,
74,80,Baltoy,343,
74,46,Baltoy,343,
74,185,Pikachu,25,
1,96,Charmander,4,1
2,96,Charmander,4,1
3,96,Charmander,4,1
74,30,Tentacool,72,
74,34,Tentacool,72,
74,103,Meditite,307,
74,96,Gastly,92,
74,236,Skarmory+Magmar,,1
74,133,Wailmer,320,1
74,248,Dunsparce,206,
74,173,Snubbull,209,1
74,208,Treecko,252,1
74,109,Mantine,226,1
74,100,Voltorb,100,
74,163,Electabuzz,125,
74,55,Caterpie,10,
74,388,Shuckle,213,
74,221,Wingull,278,
74,196,Makuhita,296,
74,239,Luvdisc,370,1
74,81,Magmar,126,
74,77,Squirtle,7,1
74,99,Omanyte,138,1
74,389,Luvdisc,370,
74,390,Stantler,234,
74,37,Sableye,302,
74,391,Numel,322,
74,310,Magmar,126,
74,180,Kabuto,140,
74,141,Omanyte,138,
74,76,Poochyena,261,1
74,58,Onix,95,
74,193,Charmander,4,1
74,392,Machop,66,1
73,392,Onix,95,
74,87,Magikarp,129,
74,197,Piplup,393,1
74,334,Pinsir,127,
74,115,Skarmory,227,
74,88,Charmander,4,
74,44,Skarmory,227,1
74,86,Numel,322,1
74,226,Sneasel,215,
74,262,Skarmory,227,
74,146,Skarmory,227,
74,393,Growlithe,58,1
74,116,Scyther,123,
74,206,Shuppet,353,
74,23,Magnemite,81,
74,265,Luvdisc,370,
75,11,Water Biome,,1
75,102,Water Biome,,1
75,229,Water Biome,,1
75,259,Water Biome,,1
75,322,Water Biome,,1
75,63,Stantler,234,1
75,234,Abra,63,1
75,85,Omanyte,138,1
75,115,Pinsir,127,
75,47,Nosepass,299,1
75,46,Shellder,90,
75,78,Qwilfish,211,1
75,39,Qwilfish,211,
75,32,Abra,63,
75,198,Magnemite,81,
75,13,Magnemite,81,1
75,76,Poochyena,261,
75,196,Magnemite,81,
75,245,Magmar,126,1
75,66,Kabuto,140,1
75,232,Qwilfish,211,1
75,94,Shellder,90,
75,204,Luvdisc,370,
75,53,Piplup,393,1
75,320,Sableye,302,
75,169,Baltoy,343,1
75,238,Skarmory,227,
75,84,Onix,95,1
75,58,Wailmer,320,
75,23,Charmander,4,
75,3,Charmander,4,1
75,100,Eevee,133,
75,79,Duskull,355,
75,136,Ponyta,77,1
75,30,Misdreavus,200,1
75,146,Wobbuffet,202,1
75,45,Voltorb,100,
75,189,Electabuzz,125,1
75,212,Yanma,193,
75,38,Psyduck,54,
75,99,Qwilfish,211,
75,163,Voltorb,100,
75,8,Shuckle,213,1
75,72,Poliwag,60,1
75,50,Electabuzz,125,
75,55,Wobbuffet,202,
75,90,Misdreavus,200,
75,202,Mantine,226,1
75,239,Pinsir,127,
75,388,Sableye,302,
75,214,Wailmer,320,1
75,117,Chikorita,152,
75,209,Psyduck,54,
75,22,Swablu,333,
75,164,Yanma,193,1
75,247,Duskull,355,
75,193,Cubone,104,1
75,171,Clefairy,35,
75,96,Baltoy,343,1
75,31,Ponyta,77,
75,103,Magnemite,81,
75,54,Misdreavus,200,
75,109,Sableye,302,1
75,182,Makuhita,296,
75,166,Piplup,393,
75,215,Nosepass,299,1
75,334,Gastly,92,
75,173,Surskit,283,
75,248,Anorith,347,1
75,133,Shuckle,213,
75,197,Anorith,347,
75,17,Girafarig,203,1
75,75,Swablu,333,
75,101,Snubbull,209,
75,285,Mantine,226,
75,170,Voltorb,100,
75,192,Plusle,311,
75,227,Poliwag,60,
75,134,Shuckle,213,1
75,249,Duskull,355,
75,264,Starly,396,
75,35,Sneasel,215,
75,187,Luvdisc,370,
75,122,Chikorita,152,
75,148,Mudkip,258,1
75,123,Carvanha,318,1
75,393,Rhyhorn,111,1
75,44,Mudkip,258,
75,80,Dunsparce,206,
75,400,Rhyhorn,111,
75,37,Shuckle,213,
75,242,Chimchar,390,1
75,328,Wailmer,320,
75,206,Voltorb,100,
75,157,Machop,66,
75,97,Skitty,300,
76,11,Water Biome,,1
76,102,Water Biome,,1
76,229,Water Biome,,1
76,259,Water Biome,,1
76,322,Water Biome,,1
76,164,Electrike,309,
76,224,Wobbuffet,202,
76,58,Magikarp,129,1
76,63,Shroomish,285,1
76,146,Swinub,220,1
76,204,Qwilfish,211,1
76,45,Luvdisc,370,1
76,38,Plusle,311,1
76,234,Duskull,355,1
76,85,Rhyhorn,111,1
76,196,Shroomish,285,
76,136,Anorith,347,
76,80,Shuckle,213,
76,198,Charmander,4,1
76,76,Shuppet,353,1
76,78,Vulpix,37,1
76,192,Sudowoodo,185,
76,194,Nosepass,299,
76,209,Poochyena,261,1
76,133,Mantine,226,1
76,248,Wingull,278,1
76,109,Vulpix,37,
76,100,Turtwig,387,
76,189,Scyther,123,
76,84,Electabuzz,125,1
76,66,Scyther,123,
76,47,Mantine,226,1
76,46,Swablu,333,
76,214,Shuckle,213,
76,72,Shuckle,213,1
76,86,Luvdisc,370,
76,32,Shroomish,285,1
76,44,Onix,95,
76,68,Lileep,345,1
76,217,Torchic,255,
76,128,Spoink,325,
76,171,Piplup,393,1
76,184,Qwilfish,211,
76,53,Sudowoodo,185,
76,123,Lileep,345,
76,190,Charmander,4,
76,179,Shuckle,213,
76,103,Shuckle,213,
76,186,Kabuto,140,
76,407,Poochyena,261,
76,96,Chinchou,170,1
76,174,Baltoy,343,
76,242,Misdreavus,200,
76,313,Piplup,393,
76,67,Bulbasaur,1,
76,56,Onix,95,
76,291,Electabuzz,125,
76,134,Cubone,104,
76,249,Cyndaquil,155,
76,79,Aron,304,
76,168,Numel,322,
76,172,Skarmory,227,
76,60,Carvanha,318,
76,55,Doduo,84,
76,147,Stantler,234,
76,173,Turtwig,387,
76,386,Nosepass,299,
76,215,Spoink,325,
